id,name,affiliation,pubs_count,est_cits,rank,ranked_by,all_pubs_count,filtered_pubs_count,infield_pubs_count,all_est_cits,filtered_est_cits,infield_est_cits,all_h_index,filtered_h_index,infield_h_index
2899416565,Charles Wesley,,1,0,,random,1,1,1,0,0,0,0,0,0
2697618668,L. Gyergyek,,1,0,,random,1,1,1,0,0,0,0,0,0
2191240577,Ronald M. Epstein,University of Rochester Medical Center,485,31340,,random,487,486,1,31340,31338,134,77,77,1
2944262390,Maria E. Kudryavtseva,,1,0,,random,1,1,1,0,0,0,0,0,0
2887020523,Li Xu,,1,0,,random,1,1,1,0,0,0,0,0,0
307853481,William P. Galle,University of New Orleans,12,2078,,random,12,11,2,2078,2053,155,9,8,2
1064134260,Rudolf Stichweh,University of Bonn,82,4334,,random,82,82,1,4334,4334,152,20,20,1
1443959704,Quitisha R. Underwood,,2,55,,random,2,2,1,55,55,54,1,1,1
2346858375,Peter Fischer,University of Regensburg,103,3909,,random,104,102,1,3909,3881,2,26,26,1
2642993806,L. Brooks Hill,,1,2,,random,1,1,1,2,2,2,1,1,1
448194515,Maxwell McCombs,University of Texas at Austin,134,18560,,random,134,133,1,18560,18354,21,43,42,1
2396200459,A. J. Han Vinck,University of Duisburg-Essen,167,2658,,random,170,169,1,2658,2018,1,21,20,1
2715858278,Davies Ufuoma Rebecca,Lead City University,1,0,,random,1,1,1,0,0,0,0,0,0
2280864619,Robert W. Wagner,,1,0,,random,1,1,1,0,0,0,0,0,0
2767034711,Елена Владимировна Фидченко,,1,0,,random,1,1,1,0,0,0,0,0,0
2367694517,LV Fei,Wenzhou University,1,0,,random,1,1,1,0,0,0,0,0,0
2310557654,Fabio Costa,University of Queensland,48,1415,,random,58,58,2,1415,1415,2,15,15,1
2330174049,Frank J. Macke,,5,2,,random,5,5,1,2,2,1,1,1,1
2100607593,Wayne N. Thompson,University of Illinois at Chicago,2,1,,random,2,2,1,1,1,0,1,1,0
2412287788,Siska A. Silalahi,,1,0,,random,1,1,1,0,0,0,0,0,0
2950773548,Zhengliang Zhang,,1,0,,random,1,1,1,0,0,0,0,0,0
2129192414,JiaWei Zhao,,2,0,,random,2,2,1,0,0,0,0,0,0
2079747800,Samuel Juni,New York University,113,1461,,random,114,113,1,1461,1458,10,15,15,1
2555939545,R. Filipowsky,Madras Institute of Technology,3,0,,random,3,3,1,0,0,0,0,0,0
2852963891,Liu Zhixuan,,16,6,,random,16,16,2,6,6,1,1,1,1
2106891697,Maria Pietronilla Penna,University of Cagliari,173,530,,random,175,175,1,530,530,3,12,12,1
2879748284,Yan Yang,,2,2,,random,2,2,1,2,2,1,1,1,1
2624097994,Lawrence Grossberg,University of North Carolina at Chapel Hill,121,9484,,random,122,121,3,9484,9482,33,29,29,3
2838226898,Chen Yongqiang,,2,0,,random,2,2,1,0,0,0,0,0,0
2499777781,Baris Satria,,1,0,,random,1,1,1,0,0,0,0,0,0
3000111755,S. I. Chibisov,,1,0,,random,1,1,1,0,0,0,0,0,0
2382537427,Zhang Shu-kui,Technology College,1,0,,random,1,1,1,0,0,0,0,0,0
2764679614,L.F. Lind,University of Essex,1,2,,random,1,1,1,2,2,2,1,1,1
2662442439,Alan B. Lees,,1,0,,random,1,1,1,0,0,0,0,0,0
2250922477,Blas José Subiela Hernández,Universidad Católica San Antonio de Murcia,9,0,,random,9,9,1,0,0,0,0,0,0
2589850743,Édison Luis Gastaldo,National Council for Scientific and Technological Development,2,4,,random,2,2,1,4,4,0,1,1,0
2152965546,Aydin Sezgin,Ruhr University Bochum,226,2110,,random,278,277,1,2110,2100,0,24,24,0
2087239759,Donatella Degl'Innocenti,University of Florence,61,589,,random,61,61,1,589,589,2,12,12,1
2426748161,Wang Hong,,1,0,,random,1,1,1,0,0,0,0,0,0
2691193876,N. E. Nahi,,1,0,,random,1,1,1,0,0,0,0,0,0
2653136046,N. Anderson,University of York,24,40,,random,24,24,1,40,40,1,4,4,1
2646177937,A. Guida,Princeton University,1,0,,random,1,1,1,0,0,0,0,0,0
2690455004,Abioye Lukman Adeboyega,Lead City University,1,0,,random,1,1,1,0,0,0,0,0,0
2241918041,Thomas Schmitt,University of Würzburg,155,5712,,random,155,155,1,5712,5712,128,32,32,1
2977614122,Sharon Van Der Laan,,1,0,,random,1,1,1,0,0,0,0,0,0
2661074130,Walter Hilberg,,1,21,,random,1,1,1,21,21,21,1,1,1
2303908630,Gordon C. Whiting,University of Wisconsin-Madison,4,192,,random,4,4,2,192,192,185,3,3,2
2922584881,Березин Валерий Матвеевич,,1,0,,random,1,1,1,0,0,0,0,0,0
1685280044,Hannes Rieser,Bielefeld University,56,504,,random,58,58,1,504,504,1,10,10,1
2578105434,G. Shepherd,,1,0,,random,1,1,1,0,0,0,0,0,0
2610608923,Narhan Raphak,,1,0,,random,1,1,1,0,0,0,0,0,0
1986221468,Frank J. Mulhern,Northwestern University,4,10,,random,4,4,1,10,10,1,1,1,1
2677034427,Li Rong,Xi'an University of Science and Technology,2,0,,random,2,2,1,0,0,0,0,0,0
2505489299,Thomas Eccardt,,1,1,,random,1,1,1,1,1,1,1,1,1
2642521305,A. Lender,,14,0,,random,14,14,1,0,0,0,0,0,0
856033207,N. Tepedelenlioglu,,1,0,,random,1,1,1,0,0,0,0,0,0
2102769145,Daniel C. Dennett,Tufts University,299,49540,,random,300,299,1,49540,49540,102,63,63,1
2000293484,Nikolay Dmitrievich Naidenov,,1,0,,random,1,1,1,0,0,0,0,0,0
2990040522,Ruesch J,,1,7,,random,1,1,1,7,7,7,1,1,1
2105987309,Hartwig Eckert,,8,11,,random,8,8,1,11,11,0,2,2,0
2973909867,V F Totten,Northrop Grumman Corporation,1,29,,random,1,1,1,29,29,29,1,1,1
2122220696,G. Capon,Lancaster University,566,20553,,random,569,569,1,20122,20122,0,66,66,0
2383530385,Chen Jingjing,Renmin University of China,1,0,,random,1,1,1,0,0,0,0,0,0
2064727802,Márcia Maria dos Santos Bortolocci Espejo,Federal University of Paraná,106,190,,random,108,108,1,190,190,0,6,6,0
315407651,James D. Paduano,Massachusetts Institute of Technology,64,2172,,random,76,76,1,2172,2172,6,17,17,1
2414072763,Joshua Vossler,,1,7,,random,1,1,1,7,7,7,1,1,1
2987253321,Hutte Ha,,1,0,,random,1,1,1,0,0,0,0,0,0
2975646821,S. Samsam-Bakhtiary,,1,0,,random,1,1,1,0,0,0,0,0,0
2441643635,Shirley S. Ho,Nanyang Technological University,84,2185,,random,84,83,1,2185,2185,13,18,18,1
2631209446,장석현,,2,0,,random,2,2,1,0,0,0,0,0,0
2796836545,Chelsea Post,,1,0,,random,1,1,1,0,0,0,0,0,0
2423889311,Liu Jing,,1,0,,random,1,1,1,0,0,0,0,0,0
2354263077,Peng Li-qun,Xinjiang Normal University,5,0,,random,5,5,1,0,0,0,0,0,0
2511140476,John A. Fortunato,Fordham University,23,176,,random,23,23,1,176,176,8,6,6,1
2099454952,Manfred R. Schroeder,University of Göttingen,130,8263,,random,134,134,1,8263,8263,690,28,28,1
2704121509,T. J. Grenchik,,1,0,,random,1,1,1,0,0,0,0,0,0
2637184197,Ирина Борисовна Архангельская,,2,0,,random,2,2,1,0,0,0,0,0,0
2097951564,Shigenobu Sasaki,Niigata University,137,1127,,random,138,137,1,1127,1067,30,15,14,1
2994839708,B. A. Panov,,1,0,,random,1,1,1,0,0,0,0,0,0
2630303073,Zhang Xiao-fa,Beijing University of Posts and Telecommunications,1,0,,random,1,1,1,0,0,0,0,0,0
2061208416,Charles M. Bowden,Sapienza University of Rome,153,5297,,random,160,160,1,5297,5297,0,27,27,0
2972242508,Nan Wu,,1,0,,random,1,1,1,0,0,0,0,0,0
2555494627,Tsuyoshi Sagitani,,1,1,,random,1,1,1,1,1,1,1,1,1
2971086148,Yang Xu Feng,,1,0,,random,1,1,1,0,0,0,0,0,0
2725031598,H.F.M. te Molder,,1,5,,random,1,1,1,5,5,5,1,1,1
2896637455,Maureen Wieland,Purdue University,1,0,,random,1,1,1,0,0,0,0,0,0
2159270282,Joy Higgs,Charles Sturt University,291,5046,,random,292,292,2,5046,5046,3,35,35,1
2127296066,Bradley S. Greenberg,Michigan State University,144,6838,,random,144,142,1,6838,6752,4,42,41,1
294526697,Vernol Battiste,Ames Research Center,65,799,,random,65,65,1,799,799,1,15,15,1
2941837358,Jasmin Siri,,1,0,,random,1,1,1,0,0,0,0,0,0
2466904187,Russell Day,,1,1,,random,1,1,1,1,1,1,1,1,1
2581936589,Hely Tokhi,,1,0,,random,1,1,1,0,0,0,0,0,0
1495318904,João E. Strapasson,State University of Campinas,35,167,,random,38,38,1,167,167,6,7,7,1
2502842252,Wu Yi,Jiangsu University,1,0,,random,1,0,1,0,0,0,0,0,0
1971675243,Rita Lavikka,Aalto University,46,64,,random,47,47,1,64,64,16,4,4,1
2499849425,Jie Jin,,1,0,,random,1,1,1,0,0,0,0,0,0
2401014665,S. G. Feinberg,,1,1,,random,1,1,1,1,1,1,1,1,1
2106674772,Ziyu Long,Colorado State University,23,77,,random,23,23,1,77,77,1,6,6,1
2623215201,Lacouture Cotes,,1,0,,random,1,1,1,0,0,0,0,0,0
2120207543,T. Z. Ruan,CERN,82,2821,,random,82,82,1,2821,2821,0,22,22,0
