id,name,affiliation,pubs_count,est_cits,rank,ranked_by,all_pubs_count,filtered_pubs_count,infield_pubs_count,all_est_cits,filtered_est_cits,infield_est_cits,all_h_index,filtered_h_index,infield_h_index
2466384568,H.J. Zimmermann,,92,314,1,pubs_count,92,92,19,314,314,5,3,3,2
2715897419,G.G. Harvey,,89,21,2,pubs_count,89,89,19,21,21,5,2,2,2
2162319355,Robert T. Craig,University of Colorado Boulder,58,4528,3,pubs_count,59,59,15,4528,4528,2798,19,19,7
2944830413,Jenny Donley,,193,0,4,pubs_count,193,193,12,0,0,0,0,0,0
1993486354,Loet Leydesdorff,University of Amsterdam,737,48750,5,pubs_count,948,947,11,48750,48750,439,101,101,5
2627203919,Diane Duesterhoeft,,629,0,6,pubs_count,629,626,11,0,0,0,0,0,0
2131876097,Sandra Braman,Texas A&M University,109,2527,7,pubs_count,111,111,10,2527,2527,29,16,16,2
2630406839,Athena Hoeppner Ucf,,20,0,8,pubs_count,20,20,10,0,0,0,0,0,0
2629782454,William Stephenson,University of Missouri,119,4157,9,pubs_count,122,122,9,4157,4157,522,19,19,7
340118294,Roman F. Nalewajski,Jagiellonian University,198,5430,10,pubs_count,199,199,8,5430,5430,306,32,32,7
2145462135,Philip R. Cohen,Oregon Health & Science University,130,16551,11,pubs_count,137,137,8,16551,16551,1917,48,48,5
618331537,Kenneth N. Cissna,University of South Florida,57,1484,12,pubs_count,57,57,7,1484,1484,194,16,16,4
1974652783,Michael L. Hecht,Pennsylvania State University,166,8841,13,pubs_count,169,169,7,8841,8841,1062,51,51,7
2133777343,Luis Mauro Sá Martino,Faculdade Cásper Líbero,67,23,14,pubs_count,67,67,7,23,23,4,2,2,1
2638029023,W.B. Davenport,,13,2,15,pubs_count,13,13,7,2,2,2,1,1,1
2750580995,Jacob Galindo,,598,0,16,pubs_count,598,595,7,0,0,0,0,0,0
1127144014,Arthur P. Bochner,University of South Florida,191,14972,17,pubs_count,193,193,6,14972,14972,7,34,34,2
1935463788,Carl L. Fales,Langley Research Center,50,514,18,pubs_count,51,51,6,514,514,58,11,11,2
2116450831,Friedrich O. Huck,Langley Research Center,81,1188,19,pubs_count,83,83,6,1188,1188,58,18,18,2
2127573250,Eleanor Sandry,Curtin University,19,48,20,pubs_count,19,19,6,48,48,32,3,3,2
2190124773,Christian Fuchs,University of Westminster,301,10801,21,pubs_count,303,303,6,10801,10801,47,37,37,4
2262593158,Klaus Bruhn Jensen,University of Copenhagen,106,5232,22,pubs_count,107,107,6,5232,5232,153,22,22,3
2408891669,Neil J. A. Sloane,AT&T,300,46565,23,pubs_count,332,328,6,46565,46519,257,72,72,3
2484889278,Lynn H. Turner,Marquette University,43,484,24,pubs_count,43,43,6,484,484,88,11,11,1
2595277131,Nancy Weiner,,336,0,25,pubs_count,336,336,6,0,0,0,0,0,0
79893321,Klaus Krippendorff,University of Pennsylvania,143,80041,26,pubs_count,144,144,5,80041,80041,457,33,33,5
113721321,Dariush Divsalar,California Institute of Technology,245,19489,27,pubs_count,260,258,5,19489,19420,106,60,59,2
325530817,Paul M. B. Vitányi,University of Amsterdam,254,16270,28,pubs_count,359,357,5,16270,16261,18,44,44,3
2099015460,Mirela Teodorescu,University of Craiova,58,339,29,pubs_count,67,67,5,339,339,41,11,11,3
2118056403,Zia-ur Rahman,Old Dominion University,123,6375,30,pubs_count,126,126,5,6375,6375,58,22,22,2
2127306298,Terje Rasmussen,University of Oslo,31,452,31,pubs_count,31,31,5,452,452,8,9,9,1
2165973087,William L. Benoit,Ohio University,221,12550,32,pubs_count,221,221,5,12550,12550,96,52,52,4
2167671714,Philip A. Chou,Microsoft,259,18933,33,pubs_count,265,263,5,18933,18590,310,70,69,3
2199000400,Wimal Dissanayake,University of Hawaii,28,377,34,pubs_count,28,28,5,377,377,123,9,9,4
2243190449,Annie Lang,Indiana University Bloomington,102,10761,35,pubs_count,103,103,5,10761,10761,101,43,43,5
2247248564,Claude E. Shannon,Massachusetts Institute of Technology,55,166920,36,pubs_count,57,55,5,166920,164522,65903,33,31,5
2302605923,Rudolf Seising,University of Jena,124,573,37,pubs_count,124,121,5,573,549,68,10,9,2
2601501376,John B. Anderson,Lund University,161,5613,38,pubs_count,163,162,5,5613,4893,421,27,26,2
2618327803,Brent D. Ruben,Rutgers University,74,4048,39,pubs_count,74,74,5,4048,4048,99,20,20,4
2627269394,D Paterno,RMIT University,7,2,40,pubs_count,7,7,5,2,2,2,1,1,1
2627328300,Angela Dunnington,,181,0,41,pubs_count,181,181,5,0,0,0,0,0,0
2627567493,Leslie Homzie,,307,0,42,pubs_count,307,289,5,0,0,0,0,0,0
2721350989,Denis McQuail,University of Amsterdam,64,8040,43,pubs_count,64,64,5,8040,8040,1941,22,22,3
2798841586,Richard West,Marquette University,11,32,44,pubs_count,11,11,5,32,32,0,2,2,0
2889580326,Andrea Klyn,,152,0,45,pubs_count,152,152,5,0,0,0,0,0,0
2915150611,J.B. Wiesner,,26,3,46,pubs_count,26,26,5,3,3,2,1,1,1
2950296041,Gary E. Kopec,Xerox,43,1945,47,pubs_count,46,46,5,1945,1945,406,19,19,3
36717893,George K. Karagiannidis,Aristotle University of Thessaloniki,543,16909,48,pubs_count,577,566,4,16909,15783,39,71,70,1
320773650,Nir Sochen,Tel Aviv University,192,6987,49,pubs_count,200,200,4,6987,6987,30,36,36,3
325653713,Ronny Hadani,University of Chicago,68,1290,50,pubs_count,81,81,4,1290,1290,30,20,20,3
701411872,Harold J. Kushner,Brown University,246,17325,51,pubs_count,251,249,4,17325,17256,8,42,41,2
707331046,Nikolai K. Vereshchagin,Moscow State University,60,1221,52,pubs_count,82,82,4,1221,1221,9,14,14,2
1193535408,Emanuel Kulczycki,Adam Mickiewicz University in Poznań,64,362,53,pubs_count,64,63,4,362,351,2,7,7,1
1482108584,Rafail Ostrovsky,"University of California, Los Angeles",350,30788,54,pubs_count,483,480,4,30788,30380,471,79,78,4
1908632821,Lana F. Rakow,University of North Dakota,8,19,55,pubs_count,8,8,4,19,19,3,3,3,1
1931511623,Alfredo De Santis,University of Salerno,189,12208,56,pubs_count,207,207,4,12208,12208,873,46,46,4
1936994610,John P. Caughlin,University of Illinois at Urbana–Champaign,77,5811,57,pubs_count,77,77,4,5811,5811,437,35,35,4
1968588906,Mohammad Al Bataineh,Yarmouk University,19,35,58,pubs_count,19,19,4,35,35,16,4,4,3
1976698169,Mohamed-Slim Alouini,King Abdullah University of Science and Technology,1553,54285,59,pubs_count,1733,1702,4,54285,53641,1,86,84,1
1993429470,Lauren A. Vicker,,13,72,60,pubs_count,13,13,4,72,72,62,2,2,1
2006169390,Saulius Minkevičius,Vilnius University,37,72,61,pubs_count,37,37,4,72,72,11,4,4,1
2014707683,Jack Rosenberry,St. John Fisher College,44,357,62,pubs_count,44,44,4,357,357,62,6,6,1
2046839794,John J. Benedetto,"University of Maryland, College Park",146,5562,63,pubs_count,153,152,4,5562,5483,126,31,30,3
2099401557,Dale E. Brashers,University of Illinois at Urbana–Champaign,54,4559,64,pubs_count,54,54,4,4559,4559,1133,26,26,4
2100725838,Andrea Kienle,Technical University of Dortmund,80,500,65,pubs_count,80,80,4,500,500,47,12,12,3
2109256549,Shamgar Gurevich,University of Wisconsin-Madison,41,327,66,pubs_count,53,53,4,327,327,30,10,10,3
2109972008,Arthur Asa Berger,San Francisco State University,205,9443,67,pubs_count,205,203,4,9443,9443,603,22,22,2
2110334033,John O. Greene,Purdue University,50,1061,68,pubs_count,50,50,4,1061,1061,86,15,15,3
2122104108,Jerry Morgan,University of Illinois at Urbana–Champaign,32,2081,69,pubs_count,32,32,4,2081,2081,850,11,11,2
2123268052,Bernard McKenna,University of Queensland,143,1677,70,pubs_count,150,148,4,1677,1660,6,16,16,1
2137808168,Nik Nailah Binti Abdullah,National Institute of Informatics,23,51,71,pubs_count,24,24,4,51,51,7,3,3,2
2144288374,Daniel G. Morrow,University of Illinois at Urbana–Champaign,160,8561,72,pubs_count,162,162,4,8561,8561,4,52,52,2
2145346352,Ozgur B. Akan,University of Cambridge,265,9520,73,pubs_count,269,253,4,9520,8339,293,49,42,3
2145826341,Gerald R. Miller,Michigan State University,93,5015,74,pubs_count,95,95,4,5015,5015,23,29,29,2
2153765186,H. Martin Schaefer,University of Freiburg,126,4818,75,pubs_count,126,126,4,4818,4818,147,36,36,3
2158137152,Jill Lawrence,University of Southern Queensland,60,362,76,pubs_count,60,60,4,362,362,13,8,8,2
2182057973,Seymour Stein,,21,2884,77,pubs_count,21,21,4,2884,2884,1833,4,4,1
2190072679,Graham Cormode,University of Warwick,229,14648,78,pubs_count,275,273,4,14648,14626,180,62,62,3
2231982202,Graham D. Bodie,Louisiana State University,101,2201,79,pubs_count,101,101,4,2201,2201,109,24,24,2
2232892114,Dawn O. Braithwaite,University of Nebraska–Lincoln,80,3822,80,pubs_count,80,80,4,3822,3822,182,27,27,2
2250464492,Mischa Schwartz,Columbia University,84,5940,81,pubs_count,89,88,4,5940,5680,1833,23,22,1
2252412613,Robert Ward Dardenne,,29,2,82,pubs_count,29,29,4,2,2,0,1,1,0
2306237498,Matthew K. Franklin,"University of California, Davis",89,17624,83,pubs_count,115,114,4,17624,17592,485,38,38,3
2307024348,Harry Buhrman,University of Amsterdam,206,7937,84,pubs_count,275,273,4,7937,7445,9,39,38,2
2307838160,Don E. Schultz,Northwestern University,271,5346,85,pubs_count,274,274,4,5346,5346,4,32,32,1
2308309318,Sylvain Guilley,Télécom ParisTech,222,2930,86,pubs_count,260,260,4,2930,2930,21,25,25,2
2321911437,William R. Bennett,Columbia University,22,1931,87,pubs_count,22,22,4,1931,1931,1833,3,3,1
2470840111,Hartmut Klauck,Nanyang Technological University,56,1349,88,pubs_count,85,85,4,1349,1349,9,19,19,2
2479091299,Sandra Petronio,Indiana University – Purdue University Indianapolis,61,5694,89,pubs_count,63,63,4,5694,5694,328,28,28,4
2496109384,Robert D. Brown,University of Nebraska–Lincoln,55,1270,90,pubs_count,56,56,4,1270,1270,185,18,18,4
2503795677,David R. Seibold,"University of California, Santa Barbara",119,4424,91,pubs_count,119,118,4,4424,4418,47,32,32,2
2642251227,Dennis Gabor,College of Science and Technology,83,21232,92,pubs_count,86,86,4,21232,21232,11862,27,27,3
2711917048,Richard J. Varey,University of Waikato,85,4544,93,pubs_count,86,86,4,4544,4544,77,21,21,1
2724818665,Клейменова Ольга Константиновна,,7,0,94,pubs_count,7,7,4,0,0,0,0,0,0
2915399401,R. M. Showers,,10,0,95,pubs_count,10,10,4,0,0,0,0,0,0
2920691311,Martha E. Pollack,University of Michigan,142,12915,96,pubs_count,148,142,4,12915,11651,850,50,46,2
2921363099,Marvin K. Simon,Jet Propulsion Laboratory,228,38744,97,pubs_count,240,240,4,38744,38744,1064,69,69,3
2940455444,Elin O'Hara,,281,0,98,pubs_count,281,281,4,0,0,0,0,0,0
24758616,William B. Gudykunst,"California State University, Fullerton",92,12531,99,pubs_count,93,93,3,12531,12531,875,47,47,3
37595673,Ian F. Akyildiz,Georgia Institute of Technology,575,106548,100,pubs_count,594,568,3,106548,49042,1132,120,111,2
