id,name,affiliation,pubs_count,est_cits,rank,ranked_by,all_pubs_count,filtered_pubs_count,infield_pubs_count,all_est_cits,filtered_est_cits,infield_est_cits,all_h_index,filtered_h_index,infield_h_index
340118294,Roman F. Nalewajski,Jagiellonian University,198,5430,1,h_index,199,199,8,5430,5430,306,32,32,7
1974652783,Michael L. Hecht,Pennsylvania State University,166,8841,2,h_index,169,169,7,8841,8841,1062,51,51,7
2162319355,Robert T. Craig,University of Colorado Boulder,58,4528,3,h_index,59,59,15,4528,4528,2798,19,19,7
2629782454,William Stephenson,University of Missouri,119,4157,4,h_index,122,122,9,4157,4157,522,19,19,7
79893321,Klaus Krippendorff,University of Pennsylvania,143,80041,5,h_index,144,144,5,80041,80041,457,33,33,5
1993486354,Loet Leydesdorff,University of Amsterdam,737,48750,6,h_index,948,947,11,48750,48750,439,101,101,5
2145462135,Philip R. Cohen,Oregon Health & Science University,130,16551,7,h_index,137,137,8,16551,16551,1917,48,48,5
2243190449,Annie Lang,Indiana University Bloomington,102,10761,8,h_index,103,103,5,10761,10761,101,43,43,5
2247248564,Claude E. Shannon,Massachusetts Institute of Technology,55,166920,9,h_index,57,55,5,166920,164522,65903,33,31,5
618331537,Kenneth N. Cissna,University of South Florida,57,1484,10,h_index,57,57,7,1484,1484,194,16,16,4
1482108584,Rafail Ostrovsky,"University of California, Los Angeles",350,30788,11,h_index,483,480,4,30788,30380,471,79,78,4
1931511623,Alfredo De Santis,University of Salerno,189,12208,12,h_index,207,207,4,12208,12208,873,46,46,4
1936994610,John P. Caughlin,University of Illinois at Urbana–Champaign,77,5811,13,h_index,77,77,4,5811,5811,437,35,35,4
2099401557,Dale E. Brashers,University of Illinois at Urbana–Champaign,54,4559,14,h_index,54,54,4,4559,4559,1133,26,26,4
2165973087,William L. Benoit,Ohio University,221,12550,15,h_index,221,221,5,12550,12550,96,52,52,4
2190124773,Christian Fuchs,University of Westminster,301,10801,16,h_index,303,303,6,10801,10801,47,37,37,4
2199000400,Wimal Dissanayake,University of Hawaii,28,377,17,h_index,28,28,5,377,377,123,9,9,4
2479091299,Sandra Petronio,Indiana University – Purdue University Indianapolis,61,5694,18,h_index,63,63,4,5694,5694,328,28,28,4
2496109384,Robert D. Brown,University of Nebraska–Lincoln,55,1270,19,h_index,56,56,4,1270,1270,185,18,18,4
2618327803,Brent D. Ruben,Rutgers University,74,4048,20,h_index,74,74,5,4048,4048,99,20,20,4
24758616,William B. Gudykunst,"California State University, Fullerton",92,12531,21,h_index,93,93,3,12531,12531,875,47,47,3
96685710,Nicolas Maudet,University of Paris,143,3669,22,h_index,154,153,3,3669,3591,90,27,26,3
130847482,Antonis C. Kakas,University of Cyprus,143,6145,23,h_index,154,153,3,6145,6132,90,30,30,3
182775553,Andrew S. Rancer,University of Akron,58,2079,24,h_index,58,58,3,2079,2079,346,18,18,3
294027130,Zoran Hadzi-Velkov,Aristotle University of Thessaloniki,80,1071,25,h_index,87,87,3,1071,1071,47,15,15,3
320773650,Nir Sochen,Tel Aviv University,192,6987,26,h_index,200,200,4,6987,6987,30,36,36,3
325530817,Paul M. B. Vitányi,University of Amsterdam,254,16270,27,h_index,359,357,5,16270,16261,18,44,44,3
325653713,Ronny Hadani,University of Chicago,68,1290,28,h_index,81,81,4,1290,1290,30,20,20,3
345998275,Nikola Zlatanov,Monash University,81,1862,29,h_index,98,97,3,1862,1699,47,19,19,3
457862083,Larry A. Braskamp,University of Illinois at Urbana–Champaign,31,1253,30,h_index,31,31,3,1253,1253,161,14,14,3
675137120,Pavlos Moraitis,Paris Descartes University,88,1613,31,h_index,96,96,3,1613,1613,90,18,18,3
697226713,Fabio Fagnani,Polytechnic University of Turin,152,4297,32,h_index,168,168,3,4297,4297,354,23,23,3
1247119917,Yoshitaka Miike,University of Hawaii at Hilo,11,515,33,h_index,11,11,3,515,515,130,7,7,3
1968588906,Mohammad Al Bataineh,Yarmouk University,19,35,34,h_index,19,19,4,35,35,16,4,4,3
1969002197,Eura Jung,University of Southern Mississippi,9,813,35,h_index,9,9,3,813,813,534,7,7,3
1980115385,Matthew A. Koschmann,University of Colorado Boulder,30,706,36,h_index,30,30,3,706,706,324,8,8,3
1991197077,Masanori Ohya,Tokyo University of Science,316,4970,37,h_index,331,331,3,4970,4970,36,29,29,3
1996161158,Mark Aakhus,Rutgers University,68,3875,38,h_index,68,68,3,3875,3875,268,20,20,3
2026748757,Guillermo E. Atkin,Illinois Institute of Technology,72,340,39,h_index,72,72,3,340,340,13,9,9,3
2032627006,Thomas Hanitzsch,Ludwig Maximilian University of Munich,120,4708,40,h_index,127,119,3,4708,4394,224,23,21,3
2046839794,John J. Benedetto,"University of Maryland, College Park",146,5562,41,h_index,153,152,4,5562,5483,126,31,30,3
2062283694,Robert H. Deng,Singapore Management University,516,13751,42,h_index,540,536,3,13751,13627,176,62,61,3
2097629331,Andrew Crane,York University,157,17921,43,h_index,157,157,3,17921,17921,395,46,46,3
2099015460,Mirela Teodorescu,University of Craiova,58,339,44,h_index,67,67,5,339,339,41,11,11,3
2100725838,Andrea Kienle,Technical University of Dortmund,80,500,45,h_index,80,80,4,500,500,47,12,12,3
2109256549,Shamgar Gurevich,University of Wisconsin-Madison,41,327,46,h_index,53,53,4,327,327,30,10,10,3
2109866169,Lawrence R. Wheeless,University of North Texas,53,3701,47,h_index,53,53,3,3701,3701,77,21,21,3
2110334033,John O. Greene,Purdue University,50,1061,48,h_index,50,50,4,1061,1061,86,15,15,3
2120727381,Pamela J. Benoit,University of Missouri,21,284,49,h_index,21,21,3,284,284,84,9,9,3
2140178930,Dominic A. Infante,Kent State University,72,5207,50,h_index,72,72,3,5207,5207,272,29,29,3
2145119366,W. Russell Neuman,University of Michigan,51,11234,51,h_index,51,51,3,11234,11234,661,22,22,3
2145346352,Ozgur B. Akan,University of Cambridge,265,9520,52,h_index,269,253,4,9520,8339,293,49,42,3
2148419771,Marie L. Radford,Rutgers University,67,1816,53,h_index,67,67,3,1816,1816,256,17,17,3
2153765186,H. Martin Schaefer,University of Freiburg,126,4818,54,h_index,126,126,4,4818,4818,147,36,36,3
2159843194,Judee K. Burgoon,University of Arizona,331,25019,55,h_index,341,341,3,25019,25019,1319,75,75,3
2163454322,Donald C. Shields,University of Missouri–St. Louis,15,611,56,h_index,15,15,3,611,611,115,13,13,3
2167649486,Darcy M. Bullock,University of Texas at Arlington,803,14365,57,h_index,807,806,3,14365,14359,36,62,62,3
2167671714,Philip A. Chou,Microsoft,259,18933,58,h_index,265,263,5,18933,18590,310,70,69,3
2173095772,Albrecht Reichle,University of Regensburg,151,4576,59,h_index,151,151,3,4576,4576,23,30,30,3
2177386065,William J. Kinsella,University College Dublin,33,372,60,h_index,33,33,3,372,372,38,10,10,3
2190072679,Graham Cormode,University of Warwick,229,14648,61,h_index,275,273,4,14648,14626,180,62,62,3
2194521099,François Cooren,Université de Montréal,104,5434,62,h_index,106,106,3,5434,5434,674,27,27,3
2230956045,Young Yun Kim,University of Oklahoma,52,3949,63,h_index,52,52,3,3949,3949,872,18,18,3
2259903234,Albert L. Lederer,University of Kentucky,140,11095,64,h_index,141,141,3,11095,11095,199,49,49,3
2260620501,Thomas F. Stafford,Louisiana Tech University,101,4360,65,h_index,102,102,3,4360,4360,185,21,21,3
2262593158,Klaus Bruhn Jensen,University of Copenhagen,106,5232,66,h_index,107,107,6,5232,5232,153,22,22,3
2271601855,James V. Krogmeier,Purdue University,174,2293,67,h_index,176,174,3,2293,2275,36,19,19,3
2289435182,Robert E. Kalaba,University of Southern California,484,12469,68,h_index,508,508,3,12469,12469,120,53,53,3
2300053937,Jonathan Cohen,University of Haifa,58,4971,69,h_index,58,58,3,4971,4971,353,22,22,3
2306237498,Matthew K. Franklin,"University of California, Davis",89,17624,70,h_index,115,114,4,17624,17592,485,38,38,3
2310045362,Dianna L. Newman,University of Nebraska–Lincoln,21,643,71,h_index,21,21,3,643,643,161,9,9,3
2311384390,Feng Bao,"Agency for Science, Technology and Research",176,5657,72,h_index,192,191,3,5657,5548,176,33,32,3
2341666494,Deirdre Wilson,University College London,95,37775,73,h_index,107,107,3,37775,37775,137,47,47,3
2345276214,Mandoye Ndoye,Tuskegee University,31,109,74,h_index,31,31,3,109,109,36,5,5,3
2408891669,Neil J. A. Sloane,AT&T,300,46565,75,h_index,332,328,6,46565,46519,257,72,72,3
2444083299,Leslie A. Baxter,University of Iowa,123,10553,76,h_index,124,124,3,10553,10553,212,55,55,3
2624097994,Lawrence Grossberg,University of North Carolina at Chapel Hill,121,9484,77,h_index,122,121,3,9484,9482,33,29,29,3
2642251227,Dennis Gabor,College of Science and Technology,83,21232,78,h_index,86,86,4,21232,21232,11862,27,27,3
2721350989,Denis McQuail,University of Amsterdam,64,8040,79,h_index,64,64,5,8040,8040,1941,22,22,3
2921363099,Marvin K. Simon,Jet Propulsion Laboratory,228,38744,80,h_index,240,240,4,38744,38744,1064,69,69,3
2950296041,Gary E. Kopec,Xerox,43,1945,81,h_index,46,46,5,1945,1945,406,19,19,3
2994013058,Betteke van Ruler,University of Amsterdam,13,854,82,h_index,14,14,3,854,854,108,11,11,3
2994462314,Charles R. Berger,"University of California, Davis",10,1618,83,h_index,10,10,3,1618,1618,305,9,9,3
3457627,Alberto Speranzon,Royal Institute of Technology,62,1632,84,h_index,64,64,2,1632,1632,333,15,15,2
14212318,Ian I. Mitroff,University of Southern California,279,14450,85,h_index,280,279,2,14450,14308,87,57,56,2
37595673,Ian F. Akyildiz,Georgia Institute of Technology,575,106548,86,h_index,594,568,3,106548,49042,1132,120,111,2
65538393,Oded Goldreich,Weizmann Institute of Science,374,57968,87,h_index,534,521,3,57968,57376,227,100,99,2
69241910,Ned J. Corron,,73,1193,88,h_index,75,75,3,1193,1193,71,17,17,2
72688178,Rolv Mikkel Blakar,University of Oslo,37,517,89,h_index,37,37,2,517,517,13,10,10,2
88381148,Ștefan Vlăduțescu,University of Craiova,36,114,90,h_index,37,37,3,114,114,26,7,7,2
112142349,Scott Craver,Binghamton University,57,2379,91,h_index,61,61,2,2379,2379,250,14,14,2
112709285,Francesco Delli Priscoli,Sapienza University of Rome,111,1478,92,h_index,114,114,2,1478,1478,16,19,19,2
113721321,Dariush Divsalar,California Institute of Technology,245,19489,93,h_index,260,258,5,19489,19420,106,60,59,2
177857792,Eric Filiol,French Institute for Research in Computer Science and Automation,29,413,94,h_index,34,34,2,413,413,56,7,7,2
178434601,Augusta C. Yrle,University of New Orleans,14,352,95,h_index,14,14,2,352,352,155,7,7,2
192274276,Jürgen Bajorath,University of Bonn,668,24463,96,h_index,696,695,2,24463,24236,125,71,71,2
192825306,Christopher Gauker,University of Salzburg,63,713,97,h_index,63,63,3,713,713,37,13,13,2
201828038,Dan Boneh,Stanford University,330,76146,98,h_index,425,422,2,76146,76130,480,118,118,2
216106550,Michihiko Minoh,Kyoto University,172,1030,99,h_index,175,175,2,1030,1030,8,15,15,2
227638363,João Carlos Gluz,Universidade do Vale do Rio dos Sinos,76,206,100,h_index,77,77,2,206,206,13,7,7,2
