id,name,affiliation,pubs_count,est_cits,rank,ranked_by,all_pubs_count,filtered_pubs_count,infield_pubs_count,all_est_cits,filtered_est_cits,infield_est_cits,all_h_index,filtered_h_index,infield_h_index
2137729922,Katherine L. Hall,Marin Software,208,25119,1,h_index,208,208,89,25119,25119,19977,94,94,76
1818389174,Paul Marinier,"InterDigital, Inc.",482,17849,2,h_index,482,482,222,17849,17849,11936,78,78,67
2590004626,Stephen E. Terry,"InterDigital, Inc.",611,17510,3,h_index,611,611,210,17510,17510,10768,82,82,66
40544600,Marin Soljacic,Massachusetts Institute of Technology,595,52689,4,h_index,652,652,67,52689,52689,20723,127,127,65
2938676999,Morris P. Kesler,Marin Software,87,19476,5,h_index,87,87,69,19476,19476,17652,71,71,65
2136057724,Junyi Li,Qualcomm,984,22174,6,h_index,988,983,352,22174,20093,13283,79,78,61
2413204075,Rui Zhang,National University of Singapore,809,42212,7,h_index,987,978,250,42212,39714,19977,99,97,58
2027441700,Diana Pani,"InterDigital, Inc.",339,11999,8,h_index,339,339,172,11999,11999,8124,70,70,57
2482278969,Rajiv Laroia,Qualcomm,291,17378,9,h_index,292,292,146,17378,17378,8943,71,71,57
714037112,Konrad J. Kulikowski,Marin Software,67,14779,10,h_index,67,67,60,14779,14779,14082,55,55,53
2403298526,Theodore S. Rappaport,New York University,442,80577,11,h_index,475,456,138,80577,74439,24939,108,102,53
2004282689,Andre B. Kurs,Marin Software,87,12965,12,h_index,87,87,63,12965,12965,10751,58,58,51
2121781610,Peter S. Wang,"InterDigital, Inc.",184,8391,13,h_index,184,184,89,8391,8391,6300,60,60,51
2195743696,Guodong Zhang,"InterDigital, Inc.",350,12503,14,h_index,350,350,143,12503,12503,7522,68,68,51
2143330613,Christopher R. Cave,"InterDigital, Inc.",359,9906,15,h_index,359,359,166,9906,9906,5864,62,62,50
37595673,Ian F. Akyildiz,Georgia Institute of Technology,575,106548,16,h_index,594,568,150,106548,49042,50415,120,111,49
84958792,Jeyhan Karaoguz,Broadcom,723,20849,17,h_index,723,723,156,20849,20849,6968,77,77,47
2089602345,Peter Gaal,Qualcomm,1366,20481,18,h_index,1366,1366,368,20481,20481,6787,75,75,45
2125050856,Xuemin Shen,University of Waterloo,1067,39185,19,h_index,1087,1054,178,39185,35447,8181,102,99,45
2197148994,Ulises Olvera-Hernandez,"InterDigital, Inc.",203,8092,20,h_index,203,203,100,8092,8092,6265,58,58,45
656047448,Andreas F. Molisch,University of Southern California,736,46498,21,h_index,782,758,161,46498,39192,13307,96,91,44
2076972962,Juan Montojo,Qualcomm,767,20770,22,h_index,767,763,186,20770,18280,6062,79,78,44
2093492707,Andrew J. Campanella,Marin Software,59,11927,23,h_index,59,59,50,11927,11927,11224,48,48,44
2116008403,Zhu Han,University of Houston,1059,36142,24,h_index,1138,1093,266,36142,30356,11767,98,91,43
703410400,Lajos Hanzo,University of Southampton,2128,45609,25,h_index,2162,2075,240,45609,39580,12532,87,81,42
2911227669,Aristeidis Karalis,Marin Software,72,11011,26,h_index,72,72,50,11011,11011,9717,44,44,41
60615692,Georgios B. Giannakis,University of Minnesota,1171,74469,27,h_index,1292,1275,129,74469,67692,10586,140,138,40
2091397280,Aristeidis Karalis,Massachusetts Institute of Technology,71,23815,28,h_index,76,76,40,23815,23815,14919,55,55,39
2952783946,Merouane Debbah,Huawei,692,26106,29,h_index,829,798,160,26106,21039,7655,80,73,38
1909747623,Ekram Hossain,University of Manitoba,576,27550,30,h_index,615,572,157,27550,23391,7294,89,81,37
2019924074,Alexei Gorokhov,Qualcomm,636,12998,31,h_index,637,637,114,12998,12998,4343,70,70,37
2098642314,Mani Srivastava,"University of California, Los Angeles",562,53491,32,h_index,602,596,92,53491,50239,12591,104,102,35
2099026309,Durga Prasad Malladi,Qualcomm,784,23278,33,h_index,784,782,173,23278,20108,6857,85,85,35
2112975235,Nigel P. Cook,Qualcomm,87,15927,34,h_index,87,87,40,15927,15927,13236,41,41,35
2574815858,Samir S. Soliman,Qualcomm,341,10794,35,h_index,341,340,106,10794,10258,5445,60,60,35
688402840,Victor C. M. Leung,University of British Columbia,1399,30677,36,h_index,1460,1413,237,30677,24400,5439,84,76,34
2170308935,Robert T. Love,Motorola,331,12773,37,h_index,333,332,70,12773,12663,4882,70,69,34
2285045589,Benoit Pelletier,"InterDigital, Inc.",176,5780,38,h_index,176,176,86,5780,5780,4597,42,42,34
2462088444,Dusit Niyato,Nanyang Technological University,628,27946,39,h_index,690,633,182,27946,19116,9365,80,72,34
1912065089,Michael A. Leabman,,69,8295,40,h_index,69,69,57,8295,8295,8042,34,34,33
2114827527,Gregory Scott Brewer,,68,8295,41,h_index,68,68,56,8295,8295,8042,34,34,33
2117411198,Naga Bhushan,Qualcomm,589,15207,42,h_index,589,587,146,15207,13735,5349,65,65,33
2122965979,Tao Luo,Qualcomm,560,12988,43,h_index,561,560,249,12988,11186,4919,61,60,33
2125725262,Jin Wang,"InterDigital, Inc.",171,7404,44,h_index,171,171,65,7404,7404,4583,52,52,33
2597257100,Marian Rudolf,"InterDigital, Inc.",311,10580,45,h_index,311,311,129,10580,10580,5534,57,57,33
1980208480,Shankar Somasundaram,"InterDigital, Inc.",149,5954,46,h_index,149,149,74,5954,5954,4624,41,41,32
2029230138,H. Vincent Poor,Princeton University,1339,39885,47,h_index,1515,1490,188,39885,37663,6910,83,81,32
2064177907,Mohammed Sammour,"InterDigital, Inc.",140,6208,48,h_index,140,140,64,6208,6208,3955,47,47,32
2131510330,Wanshi Chen,Qualcomm,1090,16358,49,h_index,1091,1090,332,16358,16132,5622,68,68,32
2255186276,Janet A. Stern-Berkowitz,"InterDigital, Inc.",171,6808,50,h_index,171,171,75,6808,6808,4489,45,45,32
2482558687,Qian Zhang,Hong Kong University of Science and Technology,672,22918,51,h_index,700,692,127,22918,21786,5357,80,79,32
2080311033,Ravi Palanki,Qualcomm,439,12279,52,h_index,439,439,91,12279,12279,3241,67,67,31
2110324308,Jerome P. Lynch,University of Michigan,288,8776,53,h_index,290,290,129,8776,8776,6085,45,45,31
2130996983,Yunhao Liu,Michigan State University,530,32331,54,h_index,550,538,83,32331,27441,12552,81,76,31
2307889842,Aamod Khandekar,Qualcomm,575,13341,55,h_index,575,575,82,13341,13341,3142,67,67,31
2696869083,Walid Saad,Virginia Tech,400,13328,56,h_index,465,452,165,13328,10981,6700,55,52,31
2113576682,Hsiao-Hwa Chen,National Cheng Kung University,559,17101,57,h_index,563,517,117,17101,13601,3486,73,64,30
2138115455,Sanjiv Nanda,Qualcomm,290,12930,58,h_index,290,288,59,12930,12379,3053,66,65,30
2302839145,Tom Richardson,Qualcomm,296,30161,59,h_index,303,300,97,30161,29170,4376,65,64,30
2567820109,Athanasios V. Vasilakos,Luleå University of Technology,790,37129,60,h_index,809,747,86,37129,27182,4933,109,94,30
194212017,Dina Katabi,Massachusetts Institute of Technology,207,28057,61,h_index,226,226,61,28057,28057,5967,71,71,29
223307443,Gregory J. Pottie,"University of California, Los Angeles",223,21557,62,h_index,240,237,68,21557,21439,8185,52,52,29
718206360,Ahmadreza Rofougaran,Broadcom,774,22586,63,h_index,777,776,140,22586,22585,4118,76,76,29
1835413171,Alexander Reznik,"InterDigital, Inc.",284,8535,64,h_index,289,288,91,8535,8441,3845,54,54,29
1874432589,Petar Popovski,Aalborg University,505,13530,65,h_index,619,608,175,13530,9910,5210,48,42,29
2025025405,Muhammad Kazmi,Ericsson,580,9477,66,h_index,580,580,175,9477,9477,3052,59,59,29
2098310896,James D. Bennett,Broadcom,393,14637,67,h_index,393,393,77,14637,14637,4761,67,67,29
2117581506,Gavin Bernard Horn,Qualcomm,561,9563,68,h_index,561,561,106,9563,9563,2666,59,59,29
2121277316,Zhiguo Ding,University of Manchester,487,17745,69,h_index,532,516,119,17745,15382,4893,67,64,29
2465043653,Moe Z. Win,Massachusetts Institute of Technology,510,38487,70,h_index,561,555,111,38487,36455,8177,88,85,29
2472343218,Robert W. Heath,University of Texas at Austin,869,62903,71,h_index,977,932,99,62903,53427,9194,121,113,29
563121846,Mario Gerla,"University of California, Los Angeles",1042,65803,72,h_index,1055,1039,108,65803,63459,6487,119,116,28
1711300654,Eric R. Giler,Marin Software,37,6758,73,h_index,37,37,31,6758,6758,6016,30,30,28
2029673242,Lukas Sieber,Qualcomm,84,12316,74,h_index,84,84,36,12316,12316,10177,33,33,28
2129529273,Harald Haas,University of Edinburgh,694,29629,75,h_index,702,691,145,29629,24923,9930,83,77,28
2133670393,Sung-Hyuk Shin,"InterDigital, Inc.",218,6953,76,h_index,218,218,60,6953,6953,3826,44,44,28
2154841660,Joshua R. Smith,University of Washington,189,14914,77,h_index,206,205,70,14914,14855,7493,64,64,28
2155339785,Chiu Ngo,Samsung,190,4450,78,h_index,190,188,99,4450,4251,2799,34,34,28
2438364369,Aleksandar Damnjanovic,Qualcomm,524,10934,79,h_index,524,522,149,10934,9442,5204,56,55,28
2498327254,Ghyslain Pelletier,"InterDigital, Inc.",95,7808,80,h_index,95,95,46,7808,7808,4908,43,43,28
2565893456,Jean-Louis Gauvreau,"InterDigital, Inc.",118,7504,81,h_index,118,118,50,7504,7504,4263,53,53,28
143197385,Jan M. Rabaey,"University of California, Berkeley",494,53471,82,h_index,504,498,105,53471,53387,7456,87,87,27
1578959811,Jelena Damnjanovic,Qualcomm,295,6124,83,h_index,295,295,74,6124,6124,2028,40,40,27
1964334804,Stephen A. Sprigg,Qualcomm,175,5820,84,h_index,175,175,64,5820,5820,3953,39,39,27
1975689112,Michele Zorzi,University of Padua,726,27918,85,h_index,777,759,134,27918,25967,5033,77,73,27
1990504404,Anantha P. Chandrakasan,Massachusetts Institute of Technology,543,93067,86,h_index,611,608,65,93067,92664,20528,118,117,27
2049700031,Mehdi Bennis,University of Oulu,270,9385,87,h_index,317,307,98,9385,7498,4069,50,46,27
2111415347,Xiang-Yang Li,University of Science and Technology of China,634,23250,88,h_index,659,658,93,23250,23250,3556,83,83,27
2114712605,David A. Schatz,Marin Software,36,6360,89,h_index,36,36,29,6360,6360,6355,27,27,27
2127141629,Yongbin Wei,Qualcomm,658,12277,90,h_index,658,656,164,12277,10361,3349,57,57,27
2131748517,Geoffrey Ye Li,Georgia Institute of Technology,364,17060,91,h_index,412,392,93,17060,13275,7229,58,53,27
2134356441,Jeffrey H. Reed,Virginia Tech,390,16970,92,h_index,409,378,105,16970,12386,6932,59,45,27
2140585849,Hanspeter Widmer,Qualcomm,46,11591,93,h_index,46,46,32,11591,11591,9244,32,32,27
2145429009,Santosh Paul Abraham,Qualcomm,509,6797,94,h_index,509,509,164,6797,6797,2611,44,44,27
2162629570,Harkirat Singh,Samsung,146,3941,95,h_index,146,145,66,3941,3745,2172,32,32,27
2198301200,Arogyaswami Paulraj,Stanford University,482,50332,96,h_index,495,487,69,50332,46976,13280,108,106,27
586802063,Philip J. Pietraski,"InterDigital, Inc.",170,6363,97,h_index,170,170,57,6363,6363,3841,39,39,26
1643717603,Hemanth Sampath,Qualcomm,417,7785,98,h_index,417,416,136,7785,7724,2951,53,53,26
1987177115,Frank A. Lane,Qualcomm,162,3740,99,h_index,162,162,55,3740,3740,2816,31,31,26
2092550336,Paramvir Bahl,Microsoft,167,43739,100,h_index,170,169,37,43739,43709,8036,82,82,26
