id,name,affiliation,pubs_count,est_cits,rank,ranked_by,all_pubs_count,filtered_pubs_count,infield_pubs_count,all_est_cits,filtered_est_cits,infield_est_cits,all_h_index,filtered_h_index,infield_h_index
2839455278,Kim Jae Hyung,,2525,1270,1,pubs_count,2525,2525,785,1270,1270,267,9,9,5
2864428513,Kwon Bong Ki,,1681,837,2,pubs_count,1681,1681,668,837,837,199,7,7,4
2089602345,Peter Gaal,Qualcomm,1366,20481,3,pubs_count,1366,1366,368,20481,20481,6787,75,75,45
2136057724,Junyi Li,Qualcomm,984,22174,4,pubs_count,988,983,352,22174,20093,13283,79,78,61
2864125654,Hong Jong Cheol,,1709,1451,5,pubs_count,1709,1709,351,1451,1451,238,10,10,5
2131510330,Wanshi Chen,Qualcomm,1090,16358,6,pubs_count,1091,1090,332,16358,16132,5622,68,68,32
2116008403,Zhu Han,University of Houston,1059,36142,7,pubs_count,1138,1093,266,36142,30356,11767,98,91,43
2413204075,Rui Zhang,National University of Singapore,809,42212,8,pubs_count,987,978,250,42212,39714,19977,99,97,58
2122965979,Tao Luo,Qualcomm,560,12988,9,pubs_count,561,560,249,12988,11186,4919,61,60,33
2846741292,Luo Tao,Qualcomm,725,288,10,pubs_count,725,725,249,288,288,125,6,6,4
2747349469,Chen Wanshi,Qualcomm,823,271,11,pubs_count,823,823,243,271,271,131,5,5,4
703410400,Lajos Hanzo,University of Southampton,2128,45609,12,pubs_count,2162,2075,240,45609,39580,12532,87,81,42
688402840,Victor C. M. Leung,University of British Columbia,1399,30677,13,pubs_count,1460,1413,237,30677,24400,5439,84,76,34
1818389174,Paul Marinier,"InterDigital, Inc.",482,17849,14,pubs_count,482,482,222,17849,17849,11936,78,78,67
2512463499,Gaal Peter,Qualcomm,786,279,15,pubs_count,786,786,211,279,279,115,6,6,5
2590004626,Stephen E. Terry,"InterDigital, Inc.",611,17510,16,pubs_count,611,611,210,17510,17510,10768,82,82,66
1976698169,Mohamed-Slim Alouini,King Abdullah University of Science and Technology,1553,54285,17,pubs_count,1733,1702,209,54285,53641,2892,86,84,22
2472457481,Hao Xu,Qualcomm,444,7342,18,pubs_count,444,443,201,7342,7196,2790,42,42,24
2220394469,Ramjee Prasad,Aarhus University,1050,29455,19,pubs_count,1065,1037,192,29455,24401,11028,59,57,21
2029230138,H. Vincent Poor,Princeton University,1339,39885,20,pubs_count,1515,1490,188,39885,37663,6910,83,81,32
2076972962,Juan Montojo,Qualcomm,767,20770,21,pubs_count,767,763,186,20770,18280,6062,79,78,44
2753975774,Li Junyi,Qualcomm,523,203,22,pubs_count,523,523,185,203,203,98,6,6,5
2528981021,Simone Merlin,Qualcomm,453,4443,23,pubs_count,453,453,184,4443,4443,2196,34,34,24
2462088444,Dusit Niyato,Nanyang Technological University,628,27946,24,pubs_count,690,633,182,27946,19116,9365,80,72,34
275101596,Manos M. Tentzeris,Georgia Institute of Technology,758,14362,25,pubs_count,765,755,178,14362,13976,2965,64,63,23
2125050856,Xuemin Shen,University of Waterloo,1067,39185,26,pubs_count,1087,1054,178,39185,35447,8181,102,99,45
1874432589,Petar Popovski,Aalborg University,505,13530,27,pubs_count,619,608,175,13530,9910,5210,48,42,29
2025025405,Muhammad Kazmi,Ericsson,580,9477,28,pubs_count,580,580,175,9477,9477,3052,59,59,29
2099026309,Durga Prasad Malladi,Qualcomm,784,23278,29,pubs_count,784,782,173,23278,20108,6857,85,85,35
2027441700,Diana Pani,"InterDigital, Inc.",339,11999,30,pubs_count,339,339,172,11999,11999,8124,70,70,57
2143330613,Christopher R. Cave,"InterDigital, Inc.",359,9906,31,pubs_count,359,359,166,9906,9906,5864,62,62,50
2696869083,Walid Saad,Virginia Tech,400,13328,32,pubs_count,465,452,165,13328,10981,6700,55,52,31
2127141629,Yongbin Wei,Qualcomm,658,12277,33,pubs_count,658,656,164,12277,10361,3349,57,57,27
2145429009,Santosh Paul Abraham,Qualcomm,509,6797,34,pubs_count,509,509,164,6797,6797,2611,44,44,27
656047448,Andreas F. Molisch,University of Southern California,736,46498,35,pubs_count,782,758,161,46498,39192,13307,96,91,44
2952783946,Merouane Debbah,Huawei,692,26106,36,pubs_count,829,798,160,26106,21039,7655,80,73,38
1909747623,Ekram Hossain,University of Manitoba,576,27550,37,pubs_count,615,572,157,27550,23391,7294,89,81,37
84958792,Jeyhan Karaoguz,Broadcom,723,20849,38,pubs_count,723,723,156,20849,20849,6968,77,77,47
2426390967,Ji Tingfang,Qualcomm,506,4069,39,pubs_count,506,506,155,4069,4069,914,30,30,16
2505396565,George Cherian,Qualcomm,444,4433,40,pubs_count,444,444,151,4433,4433,1562,31,31,21
37595673,Ian F. Akyildiz,Georgia Institute of Technology,575,106548,41,pubs_count,594,568,150,106548,49042,50415,120,111,49
2438364369,Aleksandar Damnjanovic,Qualcomm,524,10934,42,pubs_count,524,522,149,10934,9442,5204,56,55,28
2843282468,Sun Jing,Qualcomm,339,159,43,pubs_count,339,339,148,159,159,86,4,4,4
2117411198,Naga Bhushan,Qualcomm,589,15207,44,pubs_count,589,587,146,15207,13735,5349,65,65,33
2482278969,Rajiv Laroia,Qualcomm,291,17378,45,pubs_count,292,292,146,17378,17378,8943,71,71,57
2929962570,Park Kyungmin,,149,35,46,pubs_count,149,149,146,35,35,35,2,2,2
2019662662,Zhangdui Zhong,Beijing Jiaotong University,563,6089,47,pubs_count,567,557,145,6089,5827,2129,34,33,19
2129529273,Harald Haas,University of Edinburgh,694,29629,48,pubs_count,702,691,145,29629,24923,9930,83,77,28
2612540110,Carlos Cordeiro,Intel,369,8335,49,pubs_count,371,366,145,8335,7857,5143,33,31,24
2195743696,Guodong Zhang,"InterDigital, Inc.",350,12503,50,pubs_count,350,350,143,12503,12503,7522,68,68,51
2836340522,Babaei Alireza,,159,79,51,pubs_count,159,159,143,79,79,64,4,4,4
2100846796,Tom Chin,Qualcomm,474,2636,52,pubs_count,474,474,142,2636,2636,910,21,21,13
718206360,Ahmadreza Rofougaran,Broadcom,774,22586,53,pubs_count,777,776,140,22586,22585,4118,76,76,29
2872692003,Dinan Esmael,,153,43,54,pubs_count,153,153,140,43,43,38,3,3,3
2042571885,Ingrid Moerman,Ghent University,618,11474,55,pubs_count,638,629,138,11474,8280,3864,40,37,17
2403298526,Theodore S. Rappaport,New York University,442,80577,56,pubs_count,475,456,138,80577,74439,24939,108,102,53
2108912406,Wout Joseph,Ghent University,633,6538,57,pubs_count,641,635,137,6538,6261,1665,39,38,20
1643717603,Hemanth Sampath,Qualcomm,417,7785,58,pubs_count,417,416,136,7785,7724,2951,53,53,26
2093473277,Kyung Sup Kwak,Inha University,760,9224,59,pubs_count,769,762,136,9224,5835,4167,32,29,19
1975689112,Michele Zorzi,University of Padua,726,27918,60,pubs_count,777,759,134,27918,25967,5033,77,73,27
2156575750,Muhammad Imran,COMSATS Institute of Information Technology,1483,20128,61,pubs_count,1506,1452,134,20128,16882,2213,71,64,19
296576950,Leonard Barolli,Fukuoka Institute of Technology,1107,8010,62,pubs_count,1109,1098,133,8010,7890,1045,43,43,18
60615692,Georgios B. Giannakis,University of Minnesota,1171,74469,63,pubs_count,1292,1275,129,74469,67692,10586,140,138,40
2110324308,Jerome P. Lynch,University of Michigan,288,8776,64,pubs_count,290,290,129,8776,8776,6085,45,45,31
2597257100,Marian Rudolf,"InterDigital, Inc.",311,10580,65,pubs_count,311,311,129,10580,10580,5534,57,57,33
349968709,Khaled Ben Letaief,Hong Kong University of Science and Technology,659,22757,66,pubs_count,719,687,127,22757,20939,3234,75,73,24
2482558687,Qian Zhang,Hong Kong University of Science and Technology,672,22918,67,pubs_count,700,692,127,22918,21786,5357,80,79,32
2099002134,Dong In Kim,Sungkyunkwan University,376,10186,68,pubs_count,407,383,125,10186,6786,4565,49,38,25
2925352230,Du Guangdong,,864,178,69,pubs_count,864,864,125,178,178,16,4,4,1
2182456253,Ryuji Kohno,Yokohama National University,705,9281,70,pubs_count,715,710,124,9281,8374,2595,36,35,17
2175451560,Xinzhou Wu,Qualcomm,318,6014,71,pubs_count,324,324,122,6014,6014,2766,36,36,23
2507278112,Zhang Xiaoxia,Qualcomm,345,117,72,pubs_count,345,345,122,117,117,47,4,4,3
2159109792,Robert J. Stacey,Intel,245,2191,73,pubs_count,245,245,121,2191,2191,931,21,21,15
2184435702,Gerhard Fettweis,Dresden University of Technology,1034,26815,74,pubs_count,1070,1048,121,26815,20469,7405,69,64,21
2878410299,Zhu Feng,,252,749,75,pubs_count,252,252,121,749,749,324,11,11,8
2109386830,Mohsen Guizani,Qatar University,776,17540,76,pubs_count,822,745,120,17540,10506,2644,65,59,23
2830554956,Yu Jianmei,,249,745,77,pubs_count,249,249,120,745,745,323,11,11,8
2121277316,Zhiguo Ding,University of Manchester,487,17745,78,pubs_count,532,516,119,17745,15382,4893,67,64,29
2813254525,Zhu Junling,,238,740,79,pubs_count,238,238,118,740,740,322,11,11,8
2851879799,Zhu Jungang,,241,741,80,pubs_count,241,241,118,741,741,322,11,11,8
2113576682,Hsiao-Hwa Chen,National Cheng Kung University,559,17101,81,pubs_count,563,517,117,17101,13601,3486,73,64,30
2927804488,Jeon Hyoungsuk,,121,14,82,pubs_count,121,121,116,14,14,14,2,2,2
36717893,George K. Karagiannidis,Aristotle University of Thessaloniki,543,16909,83,pubs_count,577,566,115,16909,15783,2115,71,70,21
2019924074,Alexei Gorokhov,Qualcomm,636,12998,84,pubs_count,637,637,114,12998,12998,4343,70,70,37
2105027195,Xi Zhang,Texas A&M University,560,19151,85,pubs_count,570,563,114,19151,18798,2833,75,74,21
2216523791,Zhihua Wang,Tsinghua University,862,4605,86,pubs_count,870,870,114,4605,4605,811,25,25,12
2852860035,Kazmi Muhammad,Ericsson,267,77,87,pubs_count,267,267,113,77,77,48,4,4,3
2866962378,Lin Guijiang,,137,88,88,pubs_count,137,137,113,88,88,63,4,4,4
732137985,Siddharth S. Oroskar,Sprint Corporation,262,726,89,pubs_count,262,262,112,726,726,294,10,10,8
2255324983,Bengt Lindoff,Ericsson,611,7540,90,pubs_count,611,611,112,7540,7540,1612,46,46,20
2306621260,Azzedine Boukerche,University of Ottawa,885,15223,91,pubs_count,889,864,112,15223,13920,1843,63,60,18
120883154,Leena Ukkonen,Tampere University of Technology,326,4277,92,pubs_count,326,317,111,4277,4095,845,33,31,16
1986597048,Luc Martens,Ghent University,861,11172,93,pubs_count,865,862,111,11172,10876,1554,58,58,20
2465043653,Moe Z. Win,Massachusetts Institute of Technology,510,38487,94,pubs_count,561,555,111,38487,36455,8177,88,85,29
2575990668,Akihiko Nishio,Panasonic,546,5886,95,pubs_count,546,546,111,5886,5886,1507,36,36,20
16476870,Iana Siomina,Ericsson,260,5636,96,pubs_count,261,261,109,5636,5636,2362,41,41,25
563121846,Mario Gerla,"University of California, Los Angeles",1042,65803,97,pubs_count,1055,1039,108,65803,63459,6487,119,116,28
2882635503,Da Silva Icaro L J,Ericsson,184,181,98,pubs_count,184,184,108,181,181,34,4,4,3
2476647734,Terry Stephen E,"InterDigital, Inc.",546,103,99,pubs_count,546,546,107,103,103,59,3,3,3
135837979,Halim Yanikomeroglu,Carleton University,428,12660,100,pubs_count,460,442,106,12660,8820,5788,46,39,25
