id,name,affiliation,pubs_count,est_cits,rank,ranked_by,all_pubs_count,filtered_pubs_count,infield_pubs_count,all_est_cits,filtered_est_cits,infield_est_cits,all_h_index,filtered_h_index,infield_h_index
2022407533,Vladimir Vapnik,Columbia University,118,246953,1,est_cits,121,121,66,246953,246953,215219,64,64,41
161269817,Yoshua Bengio,Université de Montréal,668,267611,2,est_cits,850,849,540,267611,267429,181043,155,154,129
563069026,Geoffrey E. Hinton,Google,360,346236,3,est_cits,389,386,201,346236,333496,171099,142,140,96
2102678951,David E. Goldberg,University of Illinois at Urbana–Champaign,503,162517,4,est_cits,527,523,222,162517,159180,126208,115,113,69
215131072,Ilya Sutskever,OpenAI,91,157126,5,est_cits,116,116,80,157126,157126,111845,58,58,44
2024132491,Kenneth P. Burnham,Colorado State University,155,158436,6,est_cits,157,155,15,158436,156471,106104,71,70,13
2129530653,David R. Anderson,Colorado State University,176,147733,7,est_cits,178,176,17,147733,147706,106066,64,64,12
2435751034,Michael I. Jordan,"University of California, Berkeley",719,170600,8,est_cits,848,842,296,170600,170476,98382,153,153,97
2104401652,Andrew Y. Ng,Stanford University,246,130182,9,est_cits,261,259,127,130182,130165,95509,118,118,88
2252586558,Lotfi A. Zadeh,"University of California, Berkeley",310,251069,10,est_cits,354,347,87,251069,247145,95354,101,98,32
2905022738,Goldberg,,1,90529,11,est_cits,1,1,1,90529,90529,90529,1,1,1
297432538,Bernhard Schölkopf,Max Planck Society,950,138185,12,est_cits,1025,1022,364,138185,137787,87288,134,133,98
2157233933,Christopher M. Bishop,Microsoft,185,96674,13,est_cits,192,191,64,96674,96674,84673,61,61,34
2168176072,Chih-Jen Lin,National Taiwan University,159,91625,14,est_cits,171,170,87,91625,91625,84378,61,61,42
1171453863,Alex Krizhevsky,Google,15,102380,15,est_cits,17,17,7,102380,102380,79602,15,15,7
303610751,Russell C. Eberhart,Indiana University – Purdue University Indianapolis,89,118171,16,est_cits,91,91,30,118171,118171,78409,32,32,16
2150011549,Kalyanmoy Deb,Michigan State University,639,158200,17,est_cits,660,657,212,158200,158121,73997,113,113,61
1972291593,Alexander J. Smola,Amazon.com,361,106886,18,est_cits,401,401,214,106886,106886,73704,112,112,86
2185363493,James Kennedy,Bureau of Labor Statistics,51,106076,19,est_cits,55,55,25,106076,106076,73433,27,27,14
2200192130,Jian Sun,Xi'an Jiaotong University,281,123542,20,est_cits,326,326,66,123542,123542,69497,101,101,42
278177626,Robert E. Schapire,Microsoft,194,100515,21,est_cits,239,239,124,100515,100515,68426,79,79,54
2164292938,Kaiming He,Facebook,66,106646,22,est_cits,105,105,40,106646,106646,67349,62,62,31
2053214915,Yann LeCun,New York University,301,135616,23,est_cits,356,355,167,135616,134879,65660,107,107,71
2165714491,Eibe Frank,University of Waikato,136,87803,24,est_cits,150,150,94,87803,87803,62853,57,57,44
2091981773,Marco Dorigo,Université libre de Bruxelles,1606,125929,25,est_cits,1611,1604,114,125366,119798,62715,118,115,48
2469405535,Andrew Zisserman,University of Oxford,648,193637,26,est_cits,741,740,130,193637,193280,61504,161,160,56
2289542319,David M. Blei,Columbia University,269,82058,27,est_cits,345,343,180,82058,81870,60948,81,80,60
331124168,Christian Szegedy,Google,44,62319,28,est_cits,56,56,31,62319,62319,60486,26,26,21
2104328312,David G. Lowe,University of British Columbia,102,101928,29,est_cits,107,105,20,101928,101866,59417,51,50,14
245171893,Thorsten Joachims,Cornell University,182,70018,30,est_cits,209,209,122,70018,70018,59129,64,64,48
2163446563,Ian H. Witten,University of Waikato,455,110510,31,est_cits,472,461,68,110510,109615,58453,81,80,26
2119543935,Shaoqing Ren,University of Science and Technology of China,15,68256,32,est_cits,23,23,12,68256,68256,56988,21,21,12
317508920,Daniel Kahneman,Princeton University,241,355708,33,est_cits,242,239,2,355708,352440,56558,130,130,2
2117668619,Amos Tversky,Stanford University,213,269229,34,est_cits,216,215,2,269229,269229,56558,102,102,2
2126237948,Mark A. Hall,University of Waikato,53,76441,35,est_cits,59,59,47,76441,76441,55654,32,32,29
2141382980,Francisco Herrera,University of Granada,930,77039,36,est_cits,946,929,591,77039,75636,55190,139,138,115
2120464764,Richard S. Sutton,University of Alberta,200,69086,37,est_cits,213,211,133,69086,68644,55072,65,64,52
2031945151,Ruslan Salakhutdinov,Carnegie Mellon University,227,71097,38,est_cits,301,300,209,71097,71096,54898,77,77,68
2111521723,George E. P. Box,University of Wisconsin-Madison,342,157096,39,est_cits,346,345,11,157096,157095,54302,88,88,4
2131293038,Andrew McCallum,University of Massachusetts Amherst,336,66112,40,est_cits,391,390,203,66112,66110,52964,96,96,76
2121616191,Gwilym M. Jenkins,Imperial College London,31,53860,41,est_cits,31,30,2,53860,53860,52442,8,8,2
2895256545,Chih-Chung Chang,National Taiwan University,6,52081,42,est_cits,6,6,5,52081,52081,51769,6,6,5
2499063207,Xiangyu Zhang,Xi'an Jiaotong University,34,55962,43,est_cits,50,50,20,55962,55962,50387,28,28,16
2429370538,Jeffrey Dean,Google,227,128931,44,est_cits,237,237,38,128931,128931,50286,80,80,24
712415982,Léon Bottou,Facebook,151,75158,45,est_cits,168,168,72,75158,75158,49886,57,57,39
2149153931,Christopher D. Manning,Stanford University,387,113692,46,est_cits,432,432,161,113692,113692,49831,114,114,70
2569376642,Leo Breiman,"University of California, Berkeley",78,143973,47,est_cits,79,79,8,143973,143973,46226,38,38,5
2328522601,Aaron Courville,Université de Montréal,171,75069,48,est_cits,227,227,156,75069,75069,46006,69,69,59
2097546270,Jimmy Ba,University of Toronto,41,46715,49,est_cits,57,57,40,46715,46715,45902,22,22,17
2174985400,Trevor Darrell,"University of California, Berkeley",474,107119,50,est_cits,575,575,227,107119,107119,44776,125,125,81
2148425697,Carl Edward Rasmussen,University of Cambridge,121,48149,51,est_cits,137,137,68,48149,48149,44499,51,51,37
1822555116,Ian Goodfellow,Google,95,71210,52,est_cits,128,128,97,71210,71210,43965,61,61,57
2121939561,Jiawei Han,University of Illinois at Urbana–Champaign,1063,174743,53,est_cits,1132,1121,347,174743,172884,43896,170,168,98
2473549963,Ross Girshick,Facebook,86,93505,54,est_cits,134,134,68,93505,93505,43478,72,72,45
2640717343,J.-S.R. Jang,National Tsing Hua University,22,43806,55,est_cits,22,22,13,43806,43806,43348,17,17,12
1984838606,Li Fei-Fei,Stanford University,290,82530,56,est_cits,357,357,145,82530,82530,43329,95,95,60
2134830209,Corinna Cortes,Google,114,47965,57,est_cits,131,131,73,47965,47965,43165,41,41,30
2058584252,Jason Weston,Facebook,175,62747,58,est_cits,210,210,123,62747,62747,42857,87,87,70
2021686850,Yoav Freund,"University of California, San Diego",123,54569,59,est_cits,144,144,66,54569,54569,41965,51,51,28
2166320536,Rob Fergus,Facebook,117,60748,60,est_cits,144,144,75,60748,60748,40836,68,68,43
2787075046,Simon Haykin,,1,40362,61,est_cits,1,1,1,40362,40362,40362,1,1,1
2175835430,Sameer Agarwal,Google,46,46806,62,est_cits,50,50,6,46806,46806,40153,23,23,5
1997216218,Andrew G. Barto,University of Massachusetts Amherst,203,59396,63,est_cits,210,209,97,59396,59012,40057,73,72,44
2055604604,Diederik P. Kingma,University of Amsterdam,14,45953,64,est_cits,23,23,14,45953,45953,40025,19,19,13
2116333191,Jürgen Schmidhuber,Dalle Molle Institute for Artificial Intelligence Research,365,73840,65,est_cits,409,408,226,73840,73833,40005,84,84,68
2120996014,Amrit Pratap,California Institute of Technology,10,45290,66,est_cits,10,10,4,45290,45290,39575,8,8,3
1208012566,T. Meyarivan,Indian Institute of Technology Kanpur,3,44942,67,est_cits,3,3,1,44942,44942,39541,3,3,1
2162010601,Anil K. Jain,Michigan State University,882,215190,68,est_cits,940,932,131,215190,194716,38949,186,184,60
2286237009,Zhi-Hua Zhou,Nanjing University,527,45717,69,est_cits,588,585,386,45717,44642,38943,100,99,85
2114683746,Christopher K. I. Williams,University of Edinburgh,192,44003,70,est_cits,202,201,100,44003,43981,38902,53,53,37
2308824398,Dumitru Erhan,Google,46,41704,71,est_cits,60,60,50,41704,41704,38180,34,34,28
79893321,Klaus Krippendorff,University of Pennsylvania,143,80041,72,est_cits,144,144,5,80041,80041,37531,33,33,4
73615348,Ron Kohavi,Microsoft,96,42522,73,est_cits,99,98,37,42522,41923,37284,55,55,32
2248165042,Judea Pearl,"University of California, Los Angeles",397,90442,74,est_cits,484,476,151,90442,89067,37271,91,89,48
2115970221,Guang-Bin Huang,Nanyang Technological University,205,40213,75,est_cits,206,200,141,40213,38340,36930,65,64,59
2021640924,David Heckerman,Microsoft,426,67363,76,est_cits,488,484,169,67363,67276,36217,116,116,59
2125104194,Philip S. Yu,University of Illinois at Chicago,1680,107659,77,est_cits,1791,1770,527,107659,103043,36019,155,152,84
2106268727,Xin Yao,Southern University and A&M College,1008,50650,78,est_cits,1041,1007,394,50650,48099,35674,101,99,82
2063782688,Isabelle Guyon,Université Paris-Saclay,250,53497,79,est_cits,260,253,122,53497,52998,35657,61,59,35
617670330,Zoubin Ghahramani,University of Cambridge,406,54200,80,est_cits,462,460,254,54200,53911,35645,101,101,74
2109031554,Qiang Yang,Harbin Institute of Technology,993,55417,81,est_cits,1033,1024,364,55417,46977,35460,107,107,77
2022840042,Vincent Vanhoucke,Google,62,51717,82,est_cits,71,69,18,51717,38977,34013,36,34,16
2167404190,Daphne Koller,Stanford University,318,68564,83,est_cits,365,364,159,68564,68563,33917,128,128,80
2215287472,John Shawe-Taylor,University College London,504,59843,84,est_cits,540,538,220,59843,59827,33867,70,70,51
2012736320,Klaus-Robert Müller,Technical University of Berlin,799,70129,85,est_cits,829,821,263,70129,68325,33672,112,110,74
292626543,Tomas Mikolov,Facebook,58,54976,86,est_cits,81,81,41,54976,54976,33438,41,41,25
2102002796,Yangqing Jia,Facebook,50,43761,87,est_cits,57,57,36,43761,43761,33316,30,30,23
2462121670,Kyunghyun Cho,New York University,225,43583,88,est_cits,285,284,150,43583,43583,33152,58,58,44
1994222016,Greg S. Corrado,Google,62,44929,89,est_cits,72,72,22,44929,44929,32968,28,28,16
1919135125,Hans-Peter Kriegel,Ludwig Maximilian University of Munich,439,66861,90,est_cits,469,466,107,66861,65285,32958,94,93,47
1976640904,John Lafferty,Yale University,152,50143,91,est_cits,179,179,62,50143,50143,32506,74,74,39
2169012919,Pedro Domingos,University of Washington,195,41822,92,est_cits,219,216,142,41822,41787,32414,80,80,62
2569648598,J. R. Quinlan,University of Sydney,17,33390,93,est_cits,19,19,16,33390,33390,32124,15,15,13
699740264,Robert P. W. Duin,Delft University of Technology,316,48340,94,est_cits,317,317,118,48340,48340,31762,70,70,37
2116712232,Alex Graves,Google,86,47517,95,est_cits,101,101,62,47517,47517,31754,60,60,41
2292250447,Yoram Singer,Google,86,33564,96,est_cits,101,100,76,33564,33563,31642,51,51,40
2079978182,Nir Friedman,Hebrew University of Jerusalem,225,66316,97,est_cits,269,269,99,66316,66316,31349,92,92,50
2108025540,Pietro Perona,California Institute of Technology,378,86685,98,est_cits,410,410,103,86685,86685,31130,98,98,39
1964982643,Richard Socher,Salesforce.com,128,49899,99,est_cits,167,167,99,49899,49899,31110,47,47,40
160031478,Thomas G. Dietterich,Oregon State University,251,36911,100,est_cits,273,265,173,36911,34777,30364,69,68,57
