id,name,affiliation,pubs_count,est_cits,rank,ranked_by,all_pubs_count,filtered_pubs_count,infield_pubs_count,all_est_cits,filtered_est_cits,infield_est_cits,all_h_index,filtered_h_index,infield_h_index
2653512270,Liu Chen,University of Electronic Science and Technology of China,7,6,,random,7,7,1,6,6,1,2,2,1
2852333271,도왕록,,1,0,,random,1,1,1,0,0,0,0,0,0
2934256792,Li Chaoming,,1,0,,random,1,1,1,0,0,0,0,0,0
2988265778,He Mai,,1,0,,random,1,1,1,0,0,0,0,0,0
2642684737,Vijay M. Wadhai,,1,4,,random,1,1,1,4,4,4,1,1,1
2773500195,ハイコ・シーメンツ,,1,0,,random,1,1,1,0,0,0,0,0,0
2935260867,Peng Dingmin,,1,0,,random,1,1,1,0,0,0,0,0,0
2012776814,Sayed El-Rabaie,Menoufia University,70,375,,random,71,71,6,375,375,5,6,6,1
2848125266,Li Wei,Southwest Jiaotong University,14,4,,random,14,14,3,4,4,2,1,1,1
2676053451,Xingang Guo,,1,20,,random,1,1,1,20,20,20,1,1,1
2933590974,Wang Xiansheng,,51,3,,random,51,51,1,3,3,0,1,1,0
2760556077,Dae Hun Kim,,2,2,,random,2,2,1,2,2,2,1,1,1
2818459755,Wang Bingfeng,,39,12,,random,39,39,5,12,12,1,2,2,1
2777390467,崔永强,,2,0,,random,2,2,2,0,0,0,0,0,0
2837284564,Chang Mu-Jung,,3,0,,random,3,3,1,0,0,0,0,0,0
2969890935,Sergio Cappax,,1,0,,random,1,1,1,0,0,0,0,0,0
2166611308,Sangman Kim,University of Texas at Austin,13,645,,random,13,13,1,645,645,1,7,7,1
2726660515,Y. He,,1,2,,random,1,1,1,2,2,2,1,1,1
2929606371,周湘华,,2,0,,random,2,2,1,0,0,0,0,0,0
2967378122,Pan Lifu,,1,0,,random,1,1,1,0,0,0,0,0,0
2827779093,Zhuo Zhang,,1,7,,random,1,1,1,7,7,7,1,1,1
2831624353,He Xianjun,,76,48,,random,76,76,1,48,48,7,3,3,1
2830156290,Yunlong Zhong,,2,18,,random,2,2,1,18,18,4,2,2,1
2867951777,Lee Seung Ho,,1,2,,random,1,1,1,2,2,2,1,1,1
2839748575,Zhang Xilu,,6,2,,random,6,6,1,2,2,0,1,1,0
2109835794,Haiyang Qian,University of Missouri–Kansas City,20,624,,random,20,19,1,624,546,78,9,8,1
2683282306,栗山裕之,,3,0,,random,3,3,1,0,0,0,0,0,0
2857499543,Wang Xiaoming,,16,3,,random,16,16,2,3,3,2,1,1,1
2641030421,P. M. Sarun,Indian Institutes of Technology,4,1,,random,4,4,1,1,1,0,1,1,0
2584853712,Hong Yan Chen,China Jiliang University,6,1,,random,6,6,2,1,1,1,1,1,1
2924606072,陈威,,1,0,,random,1,1,1,0,0,0,0,0,0
2785706681,凌华,,1,0,,random,1,1,1,0,0,0,0,0,0
2813620058,조지영,,2,0,,random,2,2,1,0,0,0,0,0,0
2219071461,F. Fortes,Instituto Superior de Engenharia de Lisboa,22,56,,random,22,22,1,56,56,0,4,4,0
2115424564,Chen Jin,,1,0,,random,1,1,1,0,0,0,0,0,0
2646604994,Philipp Schoenle,,1,0,,random,1,1,1,0,0,0,0,0,0
2833915607,Li Jiao,,2,2,,random,2,2,1,2,2,2,1,1,1
2871942882,Luan Qingwen,,1,2,,random,1,1,1,2,2,2,1,1,1
2807913344,黄宇红,,1,0,,random,1,1,1,0,0,0,0,0,0
2960867591,He Xiaoqiong,,2,0,,random,2,2,2,0,0,0,0,0,0
2843773078,Joo Dae Chull,,1,1,,random,1,1,1,1,1,1,1,1,1
2353734025,Zhou Yuan-hu,,3,0,,random,3,3,1,0,0,0,0,0,0
2814747695,Kong Dechuan,,1,1,,random,1,1,1,1,1,1,1,1,1
2824462682,Yoon Dae Gil,,6,10,,random,6,6,3,10,10,5,2,2,2
2600062135,孙辉辉,,3,0,,random,3,3,2,0,0,0,0,0,0
2560619903,Yuh Yamashita,Hokkaido University,164,439,,random,171,171,2,439,439,2,10,10,1
2856954285,Hao Tianxiao,,10,1,,random,10,10,1,1,1,0,1,1,0
2751040232,Xu Chao,,11,3,,random,11,11,1,3,3,0,1,1,0
2777361898,James Z. Zhang,,6,14,,random,6,6,2,14,14,14,2,2,2
2818059176,Zhang Yang,,28,47,,random,28,28,8,47,47,42,3,3,3
2960494136,Wei Qiang,,1,0,,random,1,1,1,0,0,0,0,0,0
2863112727,Peng Yuntao,,2,0,,random,2,2,1,0,0,0,0,0,0
2673103700,Nirmalya Barat,Motorola,5,35,,random,5,5,1,35,35,28,2,2,1
2026156912,Gang-Wook Shin,K-water,26,102,,random,26,26,3,102,102,12,4,4,2
2934021930,许有洪,,1,0,,random,1,1,1,0,0,0,0,0,0
2716206182,K. Yamada,,1,5,,random,1,1,1,5,5,5,1,1,1
724052138,Juerg Leuthold,ETH Zurich,717,17691,,random,723,721,30,17691,17608,838,71,71,7
2918063166,M. Nedil,Institut national de la recherche scientifique,19,224,,random,19,19,2,224,224,0,6,6,0
2755190629,スミス，スコット・アール,,2,0,,random,2,2,1,0,0,0,0,0,0
2778712484,F.M. Del Campo,,3,27,,random,3,3,1,27,27,0,2,2,0
2304696145,Jan Swart,Exponent,9,32,,random,9,9,1,32,32,0,4,4,0
2742937626,Ma Xianli,,3,0,,random,3,3,1,0,0,0,0,0,0
2817917220,Hirabayashi Yoshiyuki,,19,25,,random,19,19,1,25,25,0,2,2,0
2720040357,In-Soo Koo,,7,23,,random,7,7,1,23,23,1,2,2,1
2866288388,Tang Qiang,,1,3,,random,1,1,1,3,3,3,1,1,1
2306857680,Chuang Lin,Harbin Institute of Technology,13,34,,random,13,13,1,34,34,3,4,4,1
2846556298,Choi Ji Ho,,1,0,,random,1,1,1,0,0,0,0,0,0
2929344848,Li Gao,,1,1,,random,1,1,1,1,1,1,1,1,1
2815709217,Okazaki Hironori,,11,7,,random,11,11,1,7,7,0,1,1,0
2525528922,Daniel Matias Santos,,3,5,,random,3,3,1,5,5,4,1,1,1
2982455203,Eman Shaikh,Prince Mohammad bin Fahd University,3,0,,random,3,3,1,0,0,0,0,0,0
2937396266,Fida Hussain,Canterbury Christ Church University,1,0,,random,1,1,1,0,0,0,0,0,0
2868965325,Xu Wangjie,,13,25,,random,13,13,1,25,25,4,3,3,1
2748168523,Sheng Min,,7,7,,random,7,7,3,7,7,5,2,2,2
2928124256,Liang Ruicheng,,1,0,,random,1,1,1,0,0,0,0,0,0
2304869996,Kourosh Sedghisigarchi,"California State University, Northridge",23,679,,random,23,22,1,679,677,0,8,8,0
2834953470,Hashimoto Yuichiro,,2,0,,random,2,2,1,0,0,0,0,0,0
2415391149,Nakase Hiroyuki,,29,15,,random,29,29,5,15,15,2,3,3,1
2828594611,Guo Weiwei,,1,0,,random,1,1,1,0,0,0,0,0,0
2881463215,Peisheng Wei,,1,2,,random,1,1,1,2,2,2,1,1,1
2837370467,Chen Yanguang,,8,12,,random,8,8,1,12,12,5,2,2,1
2969748592,Xuelian Cai,Xidian University,2,1,,random,2,2,1,1,1,1,1,1,1
2818117346,Zhao Ji An,,3,2,,random,3,3,1,2,2,1,1,1,1
2627328742,박종오,,35,1,,random,35,35,2,1,1,0,1,1,0
2833301592,Go Dong Gug,,1,0,,random,1,1,1,0,0,0,0,0,0
2866945089,Zhongmin Huang,,1,1,,random,1,1,1,1,1,1,1,1,1
2823649025,Ni Zhiming,,5,2,,random,5,4,1,2,1,0,1,1,0
2824772505,Li Wei,,1,0,,random,1,1,1,0,0,0,0,0,0
2763976781,Clayton M. Okino,,4,26,,random,4,4,1,26,26,0,1,1,0
2865476479,Gijo Filipp,,1,0,,random,1,1,1,0,0,0,0,0,0
2869808058,Bai Yunfei,,141,106,,random,141,140,3,106,106,4,4,4,1
2708945188,M. L. Miglietta,ENEA,33,42,,random,33,33,1,42,42,2,4,4,1
2843096685,Yan Zhang,,1,4,,random,1,1,1,4,4,4,1,1,1
2229179822,Aiwei Sun,Penn State College of Communications,8,14,,random,8,8,3,14,14,5,2,2,2
2280351158,Gyu-Seok Shim,Samsung,5,99,,random,5,5,1,99,99,1,3,3,1
2199233835,William J. Croughwell,Ericsson,8,103,,random,8,8,1,103,103,7,4,4,1
1579349689,K. Ben Letaief,Hong Kong University of Science and Technology,50,3795,,random,50,50,12,3795,3795,264,20,20,8
2162742531,Sang-Youb Kim,University of Texas at Austin,9,30,,random,9,9,4,30,30,23,3,3,3
2843488225,Liu Dongmei,,10,6,,random,10,9,1,6,6,4,1,1,1
2529502931,Linjia Luo,,2,8,,random,2,2,2,8,8,8,2,2,2
