id,name,affiliation,pubs_count,est_cits,rank,ranked_by,all_pubs_count,filtered_pubs_count,infield_pubs_count,all_est_cits,filtered_est_cits,infield_est_cits,all_h_index,filtered_h_index,infield_h_index
2247248564,Claude E. Shannon,Massachusetts Institute of Technology,55,166920,1,est_cits,57,55,5,166920,164522,65903,33,31,5
2642251227,Dennis Gabor,College of Science and Technology,83,21232,2,est_cits,86,86,4,21232,21232,11862,27,27,3
2149226864,E. T. Jaynes,University of Washington,38,24978,3,est_cits,38,38,3,24978,24978,7909,10,10,2
2044651552,Fred Dretske,Stanford University,75,11744,4,est_cits,75,74,2,11744,11744,5789,25,25,2
2613599019,Simon Haykin,,1,5228,5,est_cits,1,1,1,5228,5228,5228,1,1,1
2141318278,Emory A. Griffin,Wheaton College (Illinois),1,4188,6,est_cits,1,1,1,4188,4188,4188,1,1,1
2023198414,Gunther Kress,Institute of Education,132,29426,7,est_cits,133,133,1,29426,29426,3086,34,34,1
2345570100,T van Leeuwen,,2,3086,8,est_cits,2,2,1,3086,3086,3086,1,1,1
2342855301,Stephen W. Littlejohn,Humboldt State University,19,3491,9,est_cits,19,19,3,3491,3491,2938,10,10,2
2985377657,Carl Adam Petri,,1,2805,10,est_cits,1,1,1,2805,2805,2805,1,1,1
2162319355,Robert T. Craig,University of Colorado Boulder,58,4528,11,est_cits,59,59,15,4528,4528,2798,19,19,7
2056937161,Noshir Contractor,Northwestern University,246,15993,12,est_cits,248,247,3,15993,15982,2721,44,44,2
2158285235,Peter R. Monge,University of Southern California,102,11517,13,est_cits,102,102,2,11517,11517,2721,37,37,2
2081756610,Rudiger Urbanke,École Polytechnique Fédérale de Lausanne,138,23888,14,est_cits,196,194,1,23888,23642,2096,48,48,1
2302839145,Tom Richardson,Qualcomm,296,30161,15,est_cits,303,300,1,30161,29170,2096,65,64,1
1820181795,Thomas E. Ruggiero,University of Texas at El Paso,10,2219,16,est_cits,10,10,1,2219,2219,2091,6,6,1
2127240864,Robert M. Gray,Stanford University,367,48416,17,est_cits,374,370,1,48416,43983,2004,75,74,1
2719450436,A.J. Jerri,Clarkson College,1,1969,18,est_cits,1,1,1,1969,1969,1969,1,1,1
2721350989,Denis McQuail,University of Amsterdam,64,8040,19,est_cits,64,64,5,8040,8040,1941,22,22,3
2622668838,I. M. Jacobs,,2,2023,20,est_cits,2,2,1,2023,2023,1935,2,2,1
2894867215,J. M. Wozencraft,,1,1935,21,est_cits,1,1,1,1935,1935,1935,1,1,1
2145462135,Philip R. Cohen,Oregon Health & Science University,130,16551,22,est_cits,137,137,8,16551,16551,1917,48,48,5
2012064754,Janet Fulk,University of Southern California,73,10813,23,est_cits,73,73,2,10813,10813,1863,31,31,2
2182057973,Seymour Stein,,21,2884,24,est_cits,21,21,4,2884,2884,1833,4,4,1
2250464492,Mischa Schwartz,Columbia University,84,5940,25,est_cits,89,88,4,5940,5680,1833,23,22,1
2321911437,William R. Bennett,Columbia University,22,1931,26,est_cits,22,22,4,1931,1931,1833,3,3,1
2281886363,David L. Deephouse,University of Alberta,39,10367,27,est_cits,39,39,1,10367,10367,1790,21,21,1
2650830334,Ray Hyman,Johns Hopkins University,3,1941,28,est_cits,3,3,1,1941,1941,1747,3,3,1
2781151860,David Middleton,,1,1742,29,est_cits,1,1,1,1742,1742,1742,1,1,1
2019216634,Caroline Haythornthwaite,Syracuse University,145,15510,30,est_cits,149,147,1,15510,15489,1636,38,38,1
1986209444,Ahmad Bahai,"University of California, Berkeley",87,10187,31,est_cits,88,88,1,10187,10187,1355,26,26,1
2974674697,Burton R. Saltzberg,,1,1355,32,est_cits,1,1,1,1355,1355,1355,1,1,1
1637350406,Maria Fazanelli Crestana,University of São Paulo,20,1391,33,est_cits,20,20,1,1391,1391,1352,3,3,1
2124352877,Maureen Taylor,University of Tennessee,102,8358,34,est_cits,102,102,3,8358,8358,1338,31,31,2
2159843194,Judee K. Burgoon,University of Arizona,331,25019,35,est_cits,341,341,3,25019,25019,1319,75,75,3
2019767560,Petre Stoica,Uppsala University,737,56594,36,est_cits,782,770,1,56594,55050,1313,102,101,1
2100052106,Erik G. Larsson,Linköping University,1018,40825,37,est_cits,1117,1098,2,40825,29659,1313,91,88,1
2101964000,Girish Ganesan,Uppsala University,19,2935,38,est_cits,21,21,1,2935,2935,1313,13,13,1
2979977358,John Fiske,,1,1309,39,est_cits,1,1,1,1309,1309,1309,1,1,1
1749773197,David B. Buller,University of Arizona,163,9318,40,est_cits,163,160,2,9318,8971,1294,50,49,2
2102176278,Michael L. Kent,University of Oklahoma,57,6255,41,est_cits,58,58,1,6255,6255,1263,21,21,1
2142660318,Pauline Boss,University of Minnesota,59,7532,42,est_cits,59,59,1,7532,7532,1223,28,28,1
2082103033,R. Price,Massachusetts Institute of Technology,5,1937,43,est_cits,5,5,1,1937,1937,1188,5,5,1
2668887035,P. E. Green,Massachusetts Institute of Technology,1,1188,44,est_cits,1,1,1,1188,1188,1188,1,1,1
2029810496,Ojelanki K. Ngwenyama,University of Cape Town,113,5154,45,est_cits,113,112,2,5154,5144,1185,30,30,2
2633043354,S. W. Golomb,,1,1183,46,est_cits,1,1,1,1183,1183,1183,1,1,1
2167281054,George R. Price,,1,1137,47,est_cits,1,1,1,1137,1137,1137,1,1,1
2099401557,Dale E. Brashers,University of Illinois at Urbana–Champaign,54,4559,48,est_cits,54,54,4,4559,4559,1133,26,26,4
37595673,Ian F. Akyildiz,Georgia Institute of Technology,575,106548,49,est_cits,594,568,3,106548,49042,1132,120,111,2
2104932856,F. Brunetti,The Catholic University of America,43,1505,50,est_cits,43,43,1,1505,1505,1116,11,11,1
2710175467,Cristina Blázquez,Polytechnic University of Catalonia,1,1116,51,est_cits,1,1,1,1116,1116,1116,1,1,1
2290727021,Joseph A. O'Sullivan,Washington University in St. Louis,246,5878,52,est_cits,254,254,2,5878,5878,1089,34,34,2
2097372400,James R. Taylor,Université de Montréal,44,3489,53,est_cits,44,44,3,3489,3489,1077,20,20,2
2921363099,Marvin K. Simon,Jet Propulsion Laboratory,228,38744,54,est_cits,240,240,4,38744,38744,1064,69,69,3
1974652783,Michael L. Hecht,Pennsylvania State University,166,8841,55,est_cits,169,169,7,8841,8841,1062,51,51,7
2145538250,James W. Tankard,,5,1068,56,est_cits,5,5,2,1068,1068,1040,3,3,2
2502817026,Werner J. Severin,,5,1068,57,est_cits,5,5,2,1068,1068,1040,3,3,2
2158578300,Allen S. Lee,Virginia Commonwealth University,103,13841,58,est_cits,105,104,1,13841,13831,1036,25,25,1
1852334968,William C. Lindsey,University of Southern California,75,5098,59,est_cits,76,74,2,5098,4373,977,21,20,2
2199827992,Pierre Moulin,University of Illinois at Urbana–Champaign,250,10490,60,est_cits,269,267,1,10490,10472,950,46,46,1
2717873129,D. Gabor,,1,928,61,est_cits,1,1,1,928,928,928,1,1,1
2166479386,Norbert Wiener,Massachusetts Institute of Technology,169,74913,62,est_cits,172,171,1,74913,74913,879,47,47,1
24758616,William B. Gudykunst,"California State University, Fullerton",92,12531,63,est_cits,93,93,3,12531,12531,875,47,47,3
1931511623,Alfredo De Santis,University of Salerno,189,12208,64,est_cits,207,207,4,12208,12208,873,46,46,4
2230956045,Young Yun Kim,University of Oklahoma,52,3949,65,est_cits,52,52,3,3949,3949,872,18,18,3
2122104108,Jerry Morgan,University of Illinois at Urbana–Champaign,32,2081,66,est_cits,32,32,4,2081,2081,850,11,11,2
2920691311,Martha E. Pollack,University of Michigan,142,12915,67,est_cits,148,142,4,12915,11651,850,50,46,2
1854929514,Carlo Blundo,University of Salerno,127,7630,68,est_cits,141,140,2,7630,7630,829,29,29,2
1977349315,Chris Eliasmith,University of Waterloo,180,5764,69,est_cits,184,183,2,5764,5764,812,32,32,2
2140520855,Charles H. Anderson,Washington University in St. Louis,123,12319,70,est_cits,124,124,2,12319,12319,812,41,41,2
2097597968,Dmitri Williams,University of Southern California,72,9397,71,est_cits,73,72,1,9397,9386,757,35,35,1
2120386711,Scott E. Caplan,University of Delaware,28,7314,72,est_cits,28,28,1,7314,7314,757,17,17,1
2129843663,Nick Yee,PARC,69,16847,73,est_cits,69,69,1,16847,16847,757,39,39,1
81613839,Joseph N. Cappella,University of Pennsylvania,195,13065,74,est_cits,195,193,1,13065,13049,738,52,52,1
2118178855,Martin Fishbein,University of Pennsylvania,153,141024,75,est_cits,153,150,1,141024,140707,738,75,74,1
2678979930,Mischa Schwartz,,1,738,76,est_cits,1,1,1,738,738,738,1,1,1
2676601693,Hector J. Levesque,University of Toronto,216,23812,77,est_cits,232,229,1,23812,23810,736,59,59,1
2918926665,Karen A. Foss,Humboldt State University,31,2530,78,est_cits,31,31,2,2530,2530,721,13,13,1
1990549422,Ascan F. Koerner,University of Minnesota,50,2618,79,est_cits,50,50,3,2618,2618,713,17,17,2
2001749418,Jan Camenisch,IBM,335,23292,80,est_cits,401,401,1,23292,23292,704,69,69,1
2042629587,Markus Stadler,ETH Zurich,11,4447,81,est_cits,12,12,1,4447,4447,704,11,11,1
2099454952,Manfred R. Schroeder,University of Göttingen,130,8263,82,est_cits,134,134,1,8263,8263,690,28,28,1
1969708757,Elizabeth J. Van Every,Université de Montréal,7,1086,83,est_cits,7,7,1,1086,1086,677,4,4,1
2194521099,François Cooren,Université de Montréal,104,5434,84,est_cits,106,106,3,5434,5434,674,27,27,3
2306341867,Martha L. Maznevski,Internet Movie Database,56,7162,85,est_cits,56,56,1,7162,7162,670,20,20,1
2145119366,W. Russell Neuman,University of Michigan,51,11234,86,est_cits,51,51,3,11234,11234,661,22,22,3
2046092719,Douglas R. Stinson,University of Waterloo,319,22330,87,est_cits,396,390,2,22330,21790,650,63,63,2
2971154508,Harold J. Kushner,,1,643,88,est_cits,1,1,1,643,643,643,1,1,1
2013742080,Carl Adam Petri,,1,616,89,est_cits,1,1,1,616,616,616,1,1,1
2115720509,Stanley J. Baran,Cleveland State University,20,1099,90,est_cits,22,22,2,1099,1099,607,6,6,2
2260448705,Dennis K. Davis,,6,618,91,est_cits,6,6,1,618,618,605,2,2,1
2109972008,Arthur Asa Berger,San Francisco State University,205,9443,92,est_cits,205,203,4,9443,9443,603,22,22,2
2096767495,Lauren Guggenheim,University of Michigan,9,813,93,est_cits,9,9,2,813,813,593,6,6,2
2119819634,Karlene H. Roberts,"University of California, Berkeley",114,16847,94,est_cits,115,114,1,16847,16841,578,44,44,1
2512465869,Linda L. Putnam,"University of California, Santa Barbara",142,16319,95,est_cits,142,142,1,16319,16319,578,50,50,1
2666675131,Fredric M. Jablin,,3,1645,96,est_cits,3,3,1,1645,1645,578,3,3,1
2971072169,Lyman W. Porter,"University of California, Berkeley",62,41660,97,est_cits,63,63,1,41660,41660,578,29,29,1
2751626994,Jan Khre,,1,577,98,est_cits,1,1,1,577,577,577,1,1,1
124599811,Giuseppe Ateniese,Stevens Institute of Technology,91,16305,99,est_cits,129,129,1,16305,16305,560,43,43,1
2108521744,Rosario Gennaro,City College of New York,144,16646,100,est_cits,205,204,3,16646,16646,549,60,60,2
