id,name,affiliation,pubs_count,est_cits,rank,ranked_by,all_pubs_count,filtered_pubs_count,infield_pubs_count,all_est_cits,filtered_est_cits,infield_est_cits,all_h_index,filtered_h_index,infield_h_index
136859070,Witold Pedrycz,University of Alberta,1589,60235,1,pubs_count,1618,1611,782,60235,59944,29421,116,115,88
2141382980,Francisco Herrera,University of Granada,930,77039,2,pubs_count,946,929,591,77039,75636,55190,139,138,115
161269817,Yoshua Bengio,Université de Montréal,668,267611,3,pubs_count,850,849,540,267611,267429,181043,155,154,129
2125104194,Philip S. Yu,University of Illinois at Chicago,1680,107659,4,pubs_count,1791,1770,527,107659,103043,36019,155,152,84
2104129307,Dacheng Tao,University of Sydney,993,43859,5,pubs_count,1076,1065,484,43859,41853,20423,110,109,78
2097529606,Mengjie Zhang,Victoria University of Wellington,613,8589,6,pubs_count,633,624,406,8589,8010,6448,39,38,34
2345075623,Ajith Abraham,Technical University of Ostrava,1053,30267,7,pubs_count,1078,1072,395,30267,30143,14439,85,85,59
2106268727,Xin Yao,Southern University and A&M College,1008,50650,8,pubs_count,1041,1007,394,50650,48099,35674,101,99,82
2286237009,Zhi-Hua Zhou,Nanjing University,527,45717,9,pubs_count,588,585,386,45717,44642,38943,100,99,85
2166558591,Licheng Jiao,Xidian University,1472,20461,10,pubs_count,1509,1505,379,20461,20321,8642,65,65,49
297432538,Bernhard Schölkopf,Max Planck Society,950,138185,11,pubs_count,1025,1022,364,138185,137787,87288,134,133,98
2109031554,Qiang Yang,Harbin Institute of Technology,993,55417,12,pubs_count,1033,1024,364,55417,46977,35460,107,107,77
2176619569,Oscar Castillo,AmeriCorps VISTA,896,16233,13,pubs_count,904,903,362,16233,16141,10528,73,72,59
676270904,Hisao Ishibuchi,Southern University and A&M College,634,25252,14,pubs_count,645,620,360,25252,25249,16789,73,73,56
351197510,Eric P. Xing,Carnegie Mellon University,529,26925,15,pubs_count,618,616,359,26925,26897,18383,78,78,64
2170452912,Patricia Melin,Autonomous University of Baja California,741,13617,16,pubs_count,751,750,358,13617,13525,9952,66,66,56
2121939561,Jiawei Han,University of Illinois at Urbana–Champaign,1063,174743,17,pubs_count,1132,1121,347,174743,172884,43896,170,168,98
2130456104,Masashi Sugiyama,University of Tokyo,593,12555,18,pubs_count,683,682,331,12555,12552,6825,54,54,34
231105818,Ronald R. Yager,Iona College,890,70852,19,pubs_count,901,898,326,70852,70518,16611,120,119,69
2287563723,Sung-Bae Cho,Yonsei University,588,9820,20,pubs_count,612,606,325,9820,9648,6521,51,50,34
2123991549,Tzung-Pei Hong,National University of Kaohsiung,647,9445,21,pubs_count,654,650,323,9445,9372,6176,53,53,36
2082615088,Henri Prade,Paul Sabatier University,783,66765,22,pubs_count,836,825,315,66765,66284,16968,116,115,65
2107070739,Xuelong Li,Northwestern Polytechnical University,822,34452,23,pubs_count,841,826,307,34452,32096,14003,97,96,68
2134858009,Barbara Hammer,Bielefeld University,431,6283,24,pubs_count,446,441,306,6283,6245,5035,35,35,30
720605457,Nikola Kasabov,Auckland University of Technology,575,14246,25,pubs_count,588,586,296,14246,14117,11581,61,61,51
2435751034,Michael I. Jordan,"University of California, Berkeley",719,170600,26,pubs_count,848,842,296,170600,170476,98382,153,153,97
2112831471,Jose C. Principe,University of Florida,1068,28754,27,pubs_count,1095,1077,292,28754,28240,6121,83,82,34
2146461601,Svetha Venkatesh,Deakin University,720,12740,28,pubs_count,781,781,280,12740,12740,4874,58,58,28
657437189,Lawrence Carin,Duke University,761,23272,29,pubs_count,849,836,267,23272,22183,5907,82,80,34
2300659125,Didier Dubois,University of Toulouse,814,70240,30,pubs_count,858,850,264,70240,69762,15619,124,123,67
2012736320,Klaus-Robert Müller,Technical University of Berlin,799,70129,31,pubs_count,829,821,263,70129,68325,33672,112,110,74
2434477016,Kotaro Hirasawa,Waseda University,554,5213,32,pubs_count,570,570,262,5213,5213,2949,27,27,22
2144833106,Shuicheng Yan,National University of Singapore,690,50699,33,pubs_count,757,754,257,50699,50304,15122,105,105,60
617670330,Zoubin Ghahramani,University of Cambridge,406,54200,34,pubs_count,462,460,254,54200,53911,35645,101,101,74
2173646266,Johan A. K. Suykens,Katholieke Universiteit Leuven,675,39021,35,pubs_count,701,698,252,39021,38787,24294,83,82,49
2123651450,Xindong Wu,Hefei University of Technology,450,24000,36,pubs_count,463,458,247,24000,23943,13573,63,63,42
2155014515,Shyi-Ming Chen,National Taiwan University of Science and Technology,402,24057,37,pubs_count,403,403,245,24057,24057,15519,92,92,66
2122391114,Huan Liu,Arizona State University,601,51612,38,pubs_count,628,616,244,51612,50624,29619,100,98,64
2122007671,Dan Roth,University of Pennsylvania,435,22508,39,pubs_count,494,489,240,22508,22363,13277,75,75,61
23511057,Taghi M. Khoshgoftaar,Florida Atlantic University,423,7117,40,pubs_count,423,415,239,7117,7026,4165,51,51,31
2149631809,Thomas S. Huang,University of Illinois at Urbana–Champaign,1303,108564,41,pubs_count,1367,1355,238,108564,103697,15393,148,145,61
2139473605,Chunhua Shen,University of Adelaide,393,15596,42,pubs_count,509,505,236,15596,14809,6309,64,63,38
2198983026,Christos Faloutsos,Carnegie Mellon University,742,83506,43,pubs_count,775,768,235,83506,82163,24154,128,127,72
2147180669,Peter Stone,University of Texas at Austin,574,24018,44,pubs_count,626,608,232,24018,21026,12973,76,74,61
2245267964,Feiping Nie,Northwestern Polytechnical University,421,15608,45,pubs_count,440,438,232,15608,15600,11316,68,68,60
189137728,Luc De Raedt,Katholieke Universiteit Leuven,458,17209,46,pubs_count,497,496,229,17209,17205,8647,66,66,46
2305755055,Jun Zhu,Tsinghua University,259,6367,47,pubs_count,320,320,229,6367,6367,5341,40,40,37
2174985400,Trevor Darrell,"University of California, Berkeley",474,107119,48,pubs_count,575,575,227,107119,107119,44776,125,125,81
2116333191,Jürgen Schmidhuber,Dalle Molle Institute for Artificial Intelligence Research,365,73840,49,pubs_count,409,408,226,73840,73833,40005,84,84,68
2102216805,Qi Tian,University of Texas at San Antonio,785,24139,50,pubs_count,836,826,225,24139,23181,5188,80,78,32
2065104188,Alan L. Yuille,Johns Hopkins University,550,51524,51,pubs_count,679,679,224,51524,51524,13065,103,103,55
2102678951,David E. Goldberg,University of Illinois at Urbana–Champaign,503,162517,52,pubs_count,527,523,222,162517,159180,126208,115,113,69
2148168557,Joydeep Ghosh,University of Texas at Austin,441,28566,53,pubs_count,477,475,221,28566,28563,18265,64,64,42
2215287472,John Shawe-Taylor,University College London,504,59843,54,pubs_count,540,538,220,59843,59827,33867,70,70,51
1986476467,Yong Shi,Chinese Academy of Sciences,556,8824,55,pubs_count,574,568,218,8824,8778,4858,45,45,30
2105822349,Chin-Teng Lin,"University of Technology, Sydney",623,20452,56,pubs_count,642,635,217,20452,20422,9118,67,67,41
1029828013,Saeid Nahavandi,Deakin University,919,9787,57,pubs_count,931,923,215,9787,9660,2621,48,47,21
1972291593,Alexander J. Smola,Amazon.com,361,106886,58,pubs_count,401,401,214,106886,106886,73704,112,112,86
2250248997,André C. P. L. F. de Carvalho,University of São Paulo,352,5646,59,pubs_count,360,356,214,5646,5107,2874,29,27,25
1982846354,Robert Sabourin,École de technologie supérieure,446,10281,60,pubs_count,459,455,213,10281,9862,5638,56,55,36
2040834078,Carlos A. Coello Coello,CINVESTAV,556,37511,61,pubs_count,567,550,213,37511,29855,16205,84,78,46
2105451568,Changshui Zhang,Tsinghua University,370,14303,62,pubs_count,402,399,213,14303,14294,8147,67,67,47
2305421375,Xi-Zhao Wang,Shenzhen University,262,7161,63,pubs_count,269,268,213,7161,7157,5792,45,45,41
243981275,Pieter Abbeel,"University of California, Berkeley",370,32629,64,pubs_count,476,474,212,32629,31974,19523,92,91,65
2113857198,João Gama,University of Porto,394,12875,65,pubs_count,402,396,212,12875,10946,8427,50,45,32
2131502281,Alex A. Freitas,University of Kent,343,14302,66,pubs_count,352,345,212,14302,11964,11719,60,58,54
2150011549,Kalyanmoy Deb,Michigan State University,639,158200,67,pubs_count,660,657,212,158200,158121,73997,113,113,61
2280789105,Yaochu Jin,University of Surrey,437,18687,68,pubs_count,440,420,212,18687,14896,11853,71,67,57
2049189351,Hendrik Blockeel,Katholieke Universiteit Leuven,334,8887,69,pubs_count,366,363,211,8887,6559,4421,37,36,31
2096223753,Teresa B. Ludermir,Federal University of Pernambuco,280,2834,70,pubs_count,286,286,211,2834,2834,2116,24,24,22
2275403261,Michel Verleysen,Université catholique de Louvain,496,12831,71,pubs_count,517,516,211,12831,12202,8540,56,56,41
2130338591,Chee Peng Lim,Deakin University,357,4931,72,pubs_count,365,364,210,4931,4925,3181,33,33,28
2031945151,Ruslan Salakhutdinov,Carnegie Mellon University,227,71097,73,pubs_count,301,300,209,71097,71096,54898,77,77,68
2150708589,Dinggang Shen,University of North Carolina at Chapel Hill,1101,33777,74,pubs_count,1164,1162,209,33777,33751,7019,98,98,34
2423819275,Vladik Kreinovich,University of Texas at El Paso,1613,9732,75,pubs_count,1631,1623,206,9732,9717,1485,40,40,18
323026139,Eyke Hüllermeier,University of Paderborn,340,9532,76,pubs_count,363,360,205,9532,9500,7469,53,53,43
1970391018,Eric Horvitz,Microsoft,867,72007,77,pubs_count,926,912,204,72007,71579,16971,147,146,62
2131293038,Andrew McCallum,University of Massachusetts Amherst,336,66112,78,pubs_count,391,390,203,66112,66110,52964,96,96,76
2131299066,Yew-Soon Ong,Nanyang Technological University,325,11126,79,pubs_count,335,324,203,11126,10019,8168,48,44,37
2163830057,David Zhang,The Chinese University of Hong Kong,1081,60200,80,pubs_count,1108,1098,203,60200,58377,12898,117,115,61
2430169722,Yi Yang,"University of Technology, Sydney",406,22569,81,pubs_count,457,454,203,22569,22289,12207,83,82,59
2585884792,Qiang Shen,Aberystwyth University,317,8949,82,pubs_count,319,318,203,8949,8934,7460,39,39,32
563069026,Geoffrey E. Hinton,Google,360,346236,83,pubs_count,389,386,201,346236,333496,171099,142,140,96
1968686581,Risto Miikkulainen,University of Texas at Austin,345,15935,84,pubs_count,367,366,201,15935,15925,11034,60,60,42
2142724104,Rong Jin,Alibaba Group,348,17707,85,pubs_count,386,386,201,17707,17707,12150,74,74,62
2133821044,Jie Lu,"University of Technology, Sydney",598,10701,86,pubs_count,606,604,200,10701,10689,3727,62,62,28
2103920730,Luc Van Gool,ETH Zurich,1013,89259,87,pubs_count,1159,1156,195,89259,88845,19452,110,109,51
2140030024,Sergey Levine,"University of California, Berkeley",240,19921,88,pubs_count,312,312,195,19921,19921,13265,73,73,56
2133504957,Aboul Ella Hassanien,Cairo University,834,8443,89,pubs_count,846,840,193,8443,8420,3130,37,37,26
2143946736,Byoung-Tak Zhang,Seoul National University,391,8402,90,pubs_count,419,414,192,8402,8174,3364,45,44,26
2059910451,Jiebo Luo,University of Rochester,593,21681,91,pubs_count,667,663,189,21681,21107,7539,78,77,33
2123131494,Yun Fu,Northeastern University,395,12952,92,pubs_count,416,413,189,12952,12260,5756,61,60,35
2603303308,Jian Yang,Nanjing University of Science and Technology,1597,83618,93,pubs_count,1637,1632,189,83618,82941,7904,132,131,41
224175856,Enrique Herrera-Viedma,University of Granada,587,32342,94,pubs_count,595,594,188,32342,32224,11747,92,91,48
1221219011,Samuel Kaski,Helsinki Institute for Information Technology,430,12630,95,pubs_count,486,483,188,12630,11866,5712,58,57,31
2182080890,Wei Liu,Shanghai Jiao Tong University,1498,30504,96,pubs_count,1568,1563,188,30504,30030,7692,85,84,36
2314522249,Dinh Phung,Monash University,293,4729,97,pubs_count,319,319,188,4729,4729,3271,28,28,24
2066523793,Ivor W. Tsang,"University of Technology, Sydney",239,14035,98,pubs_count,269,266,187,14035,13848,11119,58,57,46
2137533801,Heng Huang,University of Pittsburgh,358,9346,99,pubs_count,386,386,187,9346,9346,6171,51,51,35
2096364092,Mohamed S. Kamel,University of Waterloo,507,15742,100,pubs_count,523,518,186,15742,13728,5790,61,60,28
