id,name,affiliation,pubs_count,est_cits,rank,ranked_by,all_pubs_count,filtered_pubs_count,infield_pubs_count,all_est_cits,filtered_est_cits,infield_est_cits,all_h_index,filtered_h_index,infield_h_index
2790777235,Chen Huang,University of Southern California,2,1,,random,3,3,1,1,1,0,1,1,0
2294888790,Takehiko Kagoshima,Toshiba,90,1076,,random,90,90,1,1076,1076,1,15,15,1
251383134,Marta García-Bárzana,University of Oviedo,8,104,,random,9,9,3,104,104,79,4,4,3
2939755549,Ernest Woon Teng Lim,,1,0,,random,1,1,1,0,0,0,0,0,0
2727047572,S. Kim,,1,0,,random,1,1,1,0,0,0,0,0,0
2724347009,Troh Josselin Dea,University of Michigan,2,7,,random,2,2,2,7,7,7,2,2,2
2910667417,Xianning Wang,Chongqing Normal University,1,0,,random,1,1,1,0,0,0,0,0,0
2669668819,Langzhou Chen,Centre national de la recherche scientifique,10,239,,random,10,10,1,239,239,17,8,8,1
2227168108,Christian Napoli,University of Catania,79,951,,random,81,78,18,951,904,168,19,18,10
2709770841,Hong-bing Ji,,1,0,,random,1,1,1,0,0,0,0,0,0
2109162426,Yu Dai,Northeastern University,19,176,,random,19,19,1,176,176,0,6,6,0
2490637972,Lei Ye,Chongqing University,25,27,,random,28,28,1,27,27,2,3,3,1
2648823690,陶建斌,,2,0,,random,2,2,1,0,0,0,0,0,0
2111235538,Elizabeth G. Hetzler,Battelle Memorial Institute,28,1923,,random,28,28,2,1923,1923,33,13,13,1
2965076881,Hanna Alieksieieva,Pedagogical University,5,0,,random,5,5,1,0,0,0,0,0,0
2938602646,C.S. Chang,National University of Singapore,1,56,,random,1,1,1,56,56,56,1,1,1
2288988492,Li Guo,Xi'an Jiaotong University,16,186,,random,16,16,2,186,186,1,6,6,1
2672523489,Kang Li,Xi'an Jiaotong University,5,27,,random,5,5,1,27,27,5,3,3,1
207837028,Mark T. Swihart,State University of New York System,303,14560,,random,309,309,1,14560,14560,4,66,66,1
2707711925,Tesfay Gidey Hailu,,1,1,,random,1,1,1,1,1,1,1,1,1
2631330080,Jingsha He,,1,0,,random,1,1,1,0,0,0,0,0,0
2219225832,James J. Pekar,Kennedy Krieger Institute,141,19063,,random,143,142,5,19063,19063,515,62,62,4
2611989013,Joseph Lemley,"National University of Ireland, Galway",21,219,,random,22,20,7,219,138,194,5,5,4
2226517063,Jessika Grunwald,Otto-von-Guericke University Magdeburg,1,1,,random,1,1,1,1,1,1,1,1,1
2928751527,Gong Yaxun,,2,0,,random,2,2,1,0,0,0,0,0,0
2800193568,Chia-Mei Chen,National Sun Yat-sen University,1,0,,random,1,1,1,0,0,0,0,0,0
2360319213,B. Jaivignesh,,1,0,,random,1,1,1,0,0,0,0,0,0
2785842190,Anselmo Frizera-Neto,Universidade Federal do Espírito Santo,34,177,,random,34,34,1,177,177,3,9,9,1
2246173301,Hwa C. Liang,Washburn University,1,3,,random,1,1,1,3,3,3,1,1,1
2135333220,Xiaoyang Fu,Jilin University,3,14,,random,3,3,2,14,14,10,2,2,1
2159873490,Ferenc Jordán,The Microsoft Research - University of Trento Centre for Computational and Systems Biology,90,3390,,random,90,90,2,3390,3390,14,29,29,2
2648300728,Ramón Zatarain,,4,13,,random,4,4,2,13,13,10,2,2,2
2993029315,Md. Jahangir Hossain,University of British Columbia,99,2035,,random,108,108,1,2035,2035,2,19,19,1
2935761828,J. Zheng,,1,7,,random,1,1,1,7,7,7,1,1,1
2674010277,Wenjun Sun,Harbin Institute of Technology,3,2,,random,3,3,1,2,2,1,1,1,1
2992881202,Timothy Bunnell,,2,0,,random,2,2,1,0,0,0,0,0,0
1969071957,Nicolas Fourcaud-Trocmé,Claude Bernard University Lyon 1,22,1044,,random,22,22,1,1044,1044,90,9,9,1
2169687590,Li Ruan,Beihang University,117,552,,random,118,118,5,552,552,2,12,12,1
2555223598,Tim Dittmar,Otto-von-Guericke University Magdeburg,6,16,,random,6,6,2,16,16,1,2,2,1
2508143780,Yue Huang,Nanjing University of Posts and Telecommunications,7,136,,random,7,5,2,136,38,26,4,3,2
2957562489,Jiang Zhi'ang,,1,0,,random,1,1,1,0,0,0,0,0,0
2656573439,Young-Cheol Oh,Daegu University,1,0,,random,1,1,1,0,0,0,0,0,0
2122311873,Siu-Ming Cha,The Chinese University of Hong Kong,1,50,,random,1,1,1,50,50,50,1,1,1
2748764076,Zhu Xuhui,,11,7,,random,11,11,1,7,7,0,2,2,0
2902780914,Feng Zhou,Guangdong University of Business Studies,1,0,,random,1,1,1,0,0,0,0,0,0
2827321908,Li Huafeng,,13,2,,random,13,13,1,2,2,0,1,1,0
2989965829,Xiuhua Ji,Shandong University of Finance and Economics,1,0,,random,1,1,1,0,0,0,0,0,0
2743681796,Yilmaz Alper,,4,0,,random,4,4,1,0,0,0,0,0,0
2986332737,Vijayaraghavan R,,1,0,,random,1,1,1,0,0,0,0,0,0
2137532491,Yongjie Ma,Northwest Normal University,2,4,,random,2,2,1,4,4,3,1,1,1
1400911224,William C. Cromwell,Wake Forest University,31,4220,,random,32,32,1,4220,4220,1,14,14,1
2711901498,Haizhou Du,Shanghai University of Electric Power,1,1,,random,1,1,1,1,1,1,1,1,1
2643428758,Xiaoguang Gao,Northwestern Polytechnical University,2,2,,random,2,2,1,2,2,1,1,1,1
2764915789,Chuanyi Ji,,1,0,,random,1,1,1,0,0,0,0,0,0
2423819082,Lu Jian-jiang,Southeast University,10,21,,random,10,10,2,21,21,9,3,3,2
2144178281,Takehiko Shida,Panasonic,42,593,,random,42,42,1,593,593,0,12,12,0
2996838510,Xiaolan Cui,Huazhong University of Science and Technology,2,1,,random,2,2,1,1,1,1,1,1,1
1985475692,Federico González Santoyo,Universidad Michoacana de San Nicolás de Hidalgo,37,15,,random,44,44,1,15,15,4,3,3,1
2944691046,Vrushak K,,1,0,,random,1,1,1,0,0,0,0,0,0
2310716271,Seonhwan Hwang,Kyungpook National University,4,4,,random,4,4,1,4,4,1,1,1,1
2102614148,Jelle Kastelein,,1,5,,random,1,1,1,5,5,5,1,1,1
2971068010,Jing Rong,,1,1,,random,1,1,1,1,1,1,1,1,1
2680275442,Xiaohong Bao,Beihang University,1,3,,random,1,1,1,3,3,3,1,1,1
2278004310,Weimin Bao,,134,15,,random,134,134,1,15,15,0,2,2,0
2964106908,Qin Liu,,1,0,,random,1,1,1,0,0,0,0,0,0
2113319146,Zhongjie Mao,Tokyo Metropolitan University,3,2,,random,3,3,3,2,2,2,1,1,1
2177549942,Mans Hulden,University of Colorado Boulder,82,598,,random,90,89,3,598,597,7,10,10,1
2487731639,G. Parekh,University of Missouri,2,14,,random,2,2,1,14,14,4,2,2,1
1585093362,Thomas Verbraken,Katholieke Universiteit Leuven,15,456,,random,16,16,6,456,456,214,8,8,4
2981134858,Zhiyang Qiu,,1,0,,random,1,1,1,0,0,0,0,0,0
2959427704,Natarajan Aswin,,2,0,,random,2,2,1,0,0,0,0,0,0
919035187,Véronique Lespinet-Najib,Centre national de la recherche scientifique,59,35,,random,59,59,2,35,35,1,3,3,1
2672193568,Hai-Lin Liu,,1,2,,random,1,1,1,2,2,2,1,1,1
2317470004,Mohamed AbdElhamidAbbas,,2,0,,random,2,2,1,0,0,0,0,0,0
2965936331,Shipra Shukla,Amity University,4,4,,random,4,3,2,4,3,3,1,1,1
2543711817,Chun Hua Zhang,Renmin University of China,1,1,,random,2,2,2,1,1,1,1,1,1
2277958180,Felipe A. Kuentzer,Pontifícia Universidade Católica do Rio Grande do Sul,11,13,,random,11,11,1,13,13,3,3,3,1
2667598111,Herbert S. Tropf,,1,22,,random,1,1,1,22,22,22,1,1,1
2576364789,Shreya Mahida,,1,1,,random,1,1,1,1,1,1,1,1,1
2744328593,RafidBashir Hashim,,1,0,,random,1,1,1,0,0,0,0,0,0
2999250751,PandeyGaurav,,1,0,,random,1,1,1,0,0,0,0,0,0
2993585410,امید غفاری,,1,0,,random,1,1,1,0,0,0,0,0,0
2048385009,M. Konstandinidou,National Technical University of Athens,31,630,,random,31,31,1,630,630,4,9,9,1
2970258972,Weijie Ren,Dalian University of Technology,2,18,,random,2,2,1,18,18,9,2,2,1
2554159474,Runchi Zhang,Nanjing University of Finance and Economics,1,3,,random,1,1,1,3,3,3,1,1,1
2423737696,Wang Xiao,,1,0,,random,1,1,1,0,0,0,0,0,0
2707702182,Xiaoping Min,Xiamen University,1,1,,random,1,1,1,1,1,1,1,1,1
2742462886,GousiaQayoom Mir,,1,0,,random,1,1,1,0,0,0,0,0,0
2900691233,Soro Songuimondenin,,1,0,,random,1,1,1,0,0,0,0,0,0
2918300509,Silvina Ponce Dawson,University of Buenos Aires,8,18,,random,9,9,2,18,18,0,2,2,0
2528804340,Archana Panhalkar,,1,5,,random,1,0,1,5,0,5,1,0,1
2305940815,Maryam Hazman,Egyptian Ministry of Agriculture and Land Reclamation,24,232,,random,24,22,5,232,132,10,5,5,2
2896375475,Hongyuan Shi,University of Northern British Columbia,3,0,,random,3,3,2,0,0,0,0,0,0
2915497083,S.M. Abdullaev,,1,0,,random,1,1,1,0,0,0,0,0,0
2676830117,Hong Shi-lian,,2,0,,random,2,2,1,0,0,0,0,0,0
2225672529,Mustava Ould-Barikalla,TELECOM Lille 1,1,0,,random,1,1,1,0,0,0,0,0,0
2550383843,S. Hoffmann-Dörr,Henkel,2,1,,random,2,2,1,1,1,0,1,1,0
2625517789,Jie Liu,Xidian University,3,115,,random,3,3,1,115,115,70,3,3,1
2592982064,Basanagouda Laxmeshwar.,,1,0,,random,1,1,1,0,0,0,0,0,0
2283110820,Soobeom Jang,Yonsei University,8,11,,random,11,11,1,11,11,0,2,2,0
