id,name,affiliation,pubs_count,est_cits,rank,ranked_by,all_pubs_count,filtered_pubs_count,infield_pubs_count,all_est_cits,filtered_est_cits,infield_est_cits,all_h_index,filtered_h_index,infield_h_index
37595673,Ian F. Akyildiz,Georgia Institute of Technology,575,106548,1,est_cits,594,568,150,106548,49042,50415,120,111,49
2144315049,Weilian Su,Naval Postgraduate School,32,32802,2,est_cits,33,30,6,32802,939,31824,11,10,4
241019275,Erdal Cayirci,University of Stavanger,70,33532,3,est_cits,70,66,7,33532,1664,31805,17,15,4
104377568,Yogesh Sankarasubramaniam,Hewlett-Packard,31,33620,4,est_cits,31,29,2,33620,1831,31789,10,9,2
1998464616,Hari Balakrishnan,Massachusetts Institute of Technology,274,142352,5,est_cits,295,295,36,142352,142352,25711,114,114,24
2403298526,Theodore S. Rappaport,New York University,442,80577,6,est_cits,475,456,138,80577,74439,24939,108,102,53
40544600,Marin Soljacic,Massachusetts Institute of Technology,595,52689,7,est_cits,652,652,67,52689,52689,20723,127,127,65
1990504404,Anantha P. Chandrakasan,Massachusetts Institute of Technology,543,93067,8,est_cits,611,608,65,93067,92664,20528,118,117,27
2223058999,David Tse,Stanford University,321,72827,9,est_cits,406,406,53,72827,72827,20274,83,83,16
2127250160,Deborah Estrin,Cornell University,618,121597,10,est_cits,682,679,75,121597,118969,20073,130,129,24
2137729922,Katherine L. Hall,Marin Software,208,25119,11,est_cits,208,208,89,25119,25119,19977,94,94,76
2413204075,Rui Zhang,National University of Singapore,809,42212,12,est_cits,987,978,250,42212,39714,19977,99,97,58
77487822,Allen Taflove,Northwestern University,305,40889,13,est_cits,312,308,4,40889,40869,19644,68,68,2
2938676999,Morris P. Kesler,Marin Software,87,19476,14,est_cits,87,87,69,19476,19476,17652,71,71,65
2205751461,Wendi Heinzelman,University of Rochester,204,49681,15,est_cits,212,206,24,49681,48517,15384,52,46,11
2091397280,Aristeidis Karalis,Massachusetts Institute of Technology,71,23815,16,est_cits,76,76,40,23815,23815,14919,55,55,39
348251026,David Culler,"University of California, Berkeley",399,103683,17,est_cits,412,409,44,103683,103383,14110,120,119,18
714037112,Konrad J. Kulikowski,Marin Software,67,14779,18,est_cits,67,67,60,14779,14779,14082,55,55,53
656047448,Andreas F. Molisch,University of Southern California,736,46498,19,est_cits,782,758,161,46498,39192,13307,96,91,44
2136057724,Junyi Li,Qualcomm,984,22174,20,est_cits,988,983,352,22174,20093,13283,79,78,61
2198301200,Arogyaswami Paulraj,Stanford University,482,50332,21,est_cits,495,487,69,50332,46976,13280,108,106,27
2112975235,Nigel P. Cook,Qualcomm,87,15927,22,est_cits,87,87,40,15927,15927,13236,41,41,35
2098642314,Mani Srivastava,"University of California, Los Angeles",562,53491,23,est_cits,602,596,92,53491,50239,12591,104,102,35
2130996983,Yunhao Liu,Michigan State University,530,32331,24,est_cits,550,538,83,32331,27441,12552,81,76,31
703410400,Lajos Hanzo,University of Southampton,2128,45609,25,est_cits,2162,2075,240,45609,39580,12532,87,81,42
2147669519,Pramod Viswanath,University of Illinois at Urbana–Champaign,200,24606,26,est_cits,271,271,29,24606,24606,12378,42,42,8
1818389174,Paul Marinier,"InterDigital, Inc.",482,17849,27,est_cits,482,482,222,17849,17849,11936,78,78,67
2116008403,Zhu Han,University of Houston,1059,36142,28,est_cits,1138,1093,266,36142,30356,11767,98,91,43
2093492707,Andrew J. Campanella,Marin Software,59,11927,29,est_cits,59,59,50,11927,11927,11224,48,48,44
2220394469,Ramjee Prasad,Aarhus University,1050,29455,30,est_cits,1065,1037,192,29455,24401,11028,59,57,21
2590004626,Stephen E. Terry,"InterDigital, Inc.",611,17510,31,est_cits,611,611,210,17510,17510,10768,82,82,66
2004282689,Andre B. Kurs,Marin Software,87,12965,32,est_cits,87,87,63,12965,12965,10751,58,58,51
60615692,Georgios B. Giannakis,University of Minnesota,1171,74469,33,est_cits,1292,1275,129,74469,67692,10586,140,138,40
272814634,John Heidemann,Information Sciences Institute,265,49784,34,est_cits,280,278,19,49784,49603,10405,73,72,12
2152349593,Ying-Chang Liang,University of Electronic Science and Technology of China,573,30692,35,est_cits,617,602,79,30692,29437,10393,82,78,24
2029673242,Lukas Sieber,Qualcomm,84,12316,36,est_cits,84,84,36,12316,12316,10177,33,33,28
2102043890,Ramesh Govindan,University of Southern California,355,55592,37,est_cits,391,390,44,55592,55424,10151,94,94,18
2129529273,Harald Haas,University of Edinburgh,694,29629,38,est_cits,702,691,145,29629,24923,9930,83,77,28
2188159618,Reinaldo A. Valenzuela,Bell Labs,213,29169,39,est_cits,221,219,39,29169,29011,9875,58,57,18
2160119116,Kyle Jamieson,Princeton University,75,13051,40,est_cits,78,78,29,13051,13051,9833,27,27,16
2911227669,Aristeidis Karalis,Marin Software,72,11011,41,est_cits,72,72,50,11011,11011,9717,44,44,41
2335990857,John D. Joannopoulos,Massachusetts Institute of Technology,941,122678,42,est_cits,993,993,19,122678,122678,9427,155,155,19
2112752255,Robert Morris,Massachusetts Institute of Technology,126,81056,43,est_cits,129,129,6,81056,81056,9412,66,66,5
2462088444,Dusit Niyato,Nanyang Technological University,628,27946,44,est_cits,690,633,182,27946,19116,9365,80,72,34
2140585849,Hanspeter Widmer,Qualcomm,46,11591,45,est_cits,46,46,32,11591,11591,9244,32,32,27
2472343218,Robert W. Heath,University of Texas at Austin,869,62903,46,est_cits,977,932,99,62903,53427,9194,121,113,29
2058905646,Robert Szewczyk,"University of California, Berkeley",21,32661,47,est_cits,22,22,4,32661,32661,9152,15,15,3
2482278969,Rajiv Laroia,Qualcomm,291,17378,48,est_cits,292,292,146,17378,17378,8943,71,71,57
2025344509,Marimuthu Palaniswami,University of Melbourne,552,21285,49,est_cits,562,558,15,21285,21155,8789,57,57,7
737083156,Rajkumar Buyya,University of Melbourne,870,90788,50,est_cits,922,878,5,90788,84019,8678,133,126,5
2311203648,Gerard J. Foschini,Bell Labs,104,32884,51,est_cits,108,108,15,32884,32884,8584,51,51,11
2135854099,Lionel M. Ni,University of Macau,472,34960,52,est_cits,521,514,46,34960,32871,8572,82,80,20
2125438455,Biswanath Mukherjee,"University of California, Davis",718,51107,53,est_cits,742,706,28,51107,37395,8536,95,87,15
2038968579,Jayavardhana Gubbi,University of Melbourne,64,10288,54,est_cits,66,65,1,10288,10287,8351,15,15,1
2950343322,Slaven Marusic,University of Melbourne,23,9607,55,est_cits,24,22,1,9607,9552,8351,10,10,1
223307443,Gregory J. Pottie,"University of California, Los Angeles",223,21557,56,est_cits,240,237,68,21557,21439,8185,52,52,29
2125050856,Xuemin Shen,University of Waterloo,1067,39185,57,est_cits,1087,1054,178,39185,35447,8181,102,99,45
2465043653,Moe Z. Win,Massachusetts Institute of Technology,510,38487,58,est_cits,561,555,111,38487,36455,8177,88,85,29
2027441700,Diana Pani,"InterDigital, Inc.",339,11999,59,est_cits,339,339,172,11999,11999,8124,70,70,57
2030977062,John A. Stankovic,University of Virginia,528,58857,60,est_cits,549,541,43,58857,58000,8043,118,116,20
1912065089,Michael A. Leabman,,69,8295,61,est_cits,69,69,57,8295,8295,8042,34,34,33
2114827527,Gregory Scott Brewer,,68,8295,62,est_cits,68,68,56,8295,8295,8042,34,34,33
2092550336,Paramvir Bahl,Microsoft,167,43739,63,est_cits,170,169,37,43739,43709,8036,82,82,26
2035660623,Dipak Ghosal,"University of California, Davis",172,12334,64,est_cits,177,168,24,12334,4769,8028,29,27,13
2779717527,Rohit U. Nabar,Stanford University,51,14926,65,est_cits,51,50,5,14926,14743,7900,32,31,5
2137498110,Kiyoto Shibuya,Sony Computer Entertainment,7,7873,66,est_cits,7,7,1,7873,7873,7870,2,2,1
2198423587,Toshiyuki Kurosaki,Sony Computer Entertainment,5,7885,67,est_cits,5,5,1,7885,7885,7870,3,3,1
2823913779,Gen Kudo,Sony Computer Entertainment,1,7870,68,est_cits,1,1,1,7870,7870,7870,1,1,1
2880707828,Hideki Tanabe,Sony Computer Entertainment,1,7870,69,est_cits,1,1,1,7870,7870,7870,1,1,1
2952783946,Merouane Debbah,Huawei,692,26106,70,est_cits,829,798,160,26106,21039,7655,80,73,38
2139913828,Samuel Madden,Massachusetts Institute of Technology,284,48742,71,est_cits,301,301,9,48742,48742,7631,85,85,8
2195743696,Guodong Zhang,"InterDigital, Inc.",350,12503,72,est_cits,350,350,143,12503,12503,7522,68,68,51
2154841660,Joshua R. Smith,University of Washington,189,14914,73,est_cits,206,205,70,14914,14855,7493,64,64,28
143197385,Jan M. Rabaey,"University of California, Berkeley",494,53471,74,est_cits,504,498,105,53471,53387,7456,87,87,27
2973246860,G.D. Golden,Bell Labs,3,8880,75,est_cits,3,3,2,8880,8880,7409,3,3,2
2184435702,Gerhard Fettweis,Dresden University of Technology,1034,26815,76,est_cits,1070,1048,121,26815,20469,7405,69,64,21
2141789269,Huseyin Arslan,University of South Florida,477,14435,77,est_cits,485,461,93,14435,7614,7347,51,44,20
1909747623,Ekram Hossain,University of Manitoba,576,27550,78,est_cits,615,572,157,27550,23391,7294,89,81,37
2161437500,Anh Tuan Hoang,"Agency for Science, Technology and Research",65,9070,79,est_cits,67,67,14,9070,9070,7269,23,23,7
2155341971,Jennifer Yick,"University of California, Davis",9,7472,80,est_cits,9,8,2,7472,224,7255,6,5,2
2131748517,Geoffrey Ye Li,Georgia Institute of Technology,364,17060,81,est_cits,412,392,93,17060,13275,7229,58,53,27
2172130004,Yonghong Zeng,"Agency for Science, Technology and Research",107,12978,82,est_cits,110,110,14,12978,12978,7201,30,30,8
270568614,Gordon L. Stuber,Georgia Institute of Technology,291,20331,83,est_cits,315,312,18,20331,19097,6993,60,59,9
2213385919,Adrian Perrig,ETH Zurich,333,70936,84,est_cits,346,345,8,70936,70102,6987,93,92,6
84958792,Jeyhan Karaoguz,Broadcom,723,20849,85,est_cits,723,723,156,20849,20849,6968,77,77,47
2134356441,Jeffrey H. Reed,Virginia Tech,390,16970,86,est_cits,409,378,105,16970,12386,6932,59,45,27
2029230138,H. Vincent Poor,Princeton University,1339,39885,87,est_cits,1515,1490,188,39885,37663,6910,83,81,32
2173411392,Richard van Nee,Qualcomm,21,7190,88,est_cits,21,21,8,7190,7190,6872,10,10,6
2099026309,Durga Prasad Malladi,Qualcomm,784,23278,89,est_cits,784,782,173,23278,20108,6857,85,85,35
2089602345,Peter Gaal,Qualcomm,1366,20481,90,est_cits,1366,1366,368,20481,20481,6787,75,75,45
2149657484,Matt Welsh,Harvard University,121,30066,91,est_cits,123,123,13,30066,30066,6762,59,59,11
166913908,Hamid Jafarkhani,"University of California, Irvine",337,24882,92,est_cits,383,382,63,24882,24549,6743,48,47,17
2696869083,Walid Saad,Virginia Tech,400,13328,93,est_cits,465,452,165,13328,10981,6700,55,52,31
2152257598,Abhishek Patil,Sony Broadcast & Professional Research Laboratories,63,7763,94,est_cits,68,68,14,7763,7763,6586,23,23,9
2163562115,Jian-Ming Jin,University of Illinois at Urbana–Champaign,568,21499,95,est_cits,603,594,5,21499,21176,6577,63,62,4
2146372645,Yu-Chee Tseng,National Chiao Tung University,401,32264,96,est_cits,427,425,62,32264,32261,6504,68,68,23
418583657,Vahid Tarokh,Duke University,418,42023,97,est_cits,450,445,62,42023,41398,6503,72,70,24
563121846,Mario Gerla,"University of California, Los Angeles",1042,65803,98,est_cits,1055,1039,108,65803,63459,6487,119,116,28
2789723096,Andre B. Kurs,Massachusetts Institute of Technology,38,14475,99,est_cits,38,38,23,14475,14475,6401,33,33,21
2123885042,Yiu Cho Lau,Michigan State University,1,6365,100,est_cits,2,2,2,6365,6365,6365,2,2,2
