id,name,affiliation,pubs_count,est_cits,rank,ranked_by,all_pubs_count,filtered_pubs_count,infield_pubs_count,all_est_cits,filtered_est_cits,infield_est_cits,all_h_index,filtered_h_index,infield_h_index
161269817,Yoshua Bengio,Université de Montréal,668,267611,1,h_index,850,849,540,267611,267429,181043,155,154,129
2141382980,Francisco Herrera,University of Granada,930,77039,2,h_index,946,929,591,77039,75636,55190,139,138,115
297432538,Bernhard Schölkopf,Max Planck Society,950,138185,3,h_index,1025,1022,364,138185,137787,87288,134,133,98
2121939561,Jiawei Han,University of Illinois at Urbana–Champaign,1063,174743,4,h_index,1132,1121,347,174743,172884,43896,170,168,98
2435751034,Michael I. Jordan,"University of California, Berkeley",719,170600,5,h_index,848,842,296,170600,170476,98382,153,153,97
563069026,Geoffrey E. Hinton,Google,360,346236,6,h_index,389,386,201,346236,333496,171099,142,140,96
136859070,Witold Pedrycz,University of Alberta,1589,60235,7,h_index,1618,1611,782,60235,59944,29421,116,115,88
2104401652,Andrew Y. Ng,Stanford University,246,130182,8,h_index,261,259,127,130182,130165,95509,118,118,88
1972291593,Alexander J. Smola,Amazon.com,361,106886,9,h_index,401,401,214,106886,106886,73704,112,112,86
2286237009,Zhi-Hua Zhou,Nanjing University,527,45717,10,h_index,588,585,386,45717,44642,38943,100,99,85
2125104194,Philip S. Yu,University of Illinois at Chicago,1680,107659,11,h_index,1791,1770,527,107659,103043,36019,155,152,84
2106268727,Xin Yao,Southern University and A&M College,1008,50650,12,h_index,1041,1007,394,50650,48099,35674,101,99,82
2174985400,Trevor Darrell,"University of California, Berkeley",474,107119,13,h_index,575,575,227,107119,107119,44776,125,125,81
2167404190,Daphne Koller,Stanford University,318,68564,14,h_index,365,364,159,68564,68563,33917,128,128,80
2104129307,Dacheng Tao,University of Sydney,993,43859,15,h_index,1076,1065,484,43859,41853,20423,110,109,78
2109031554,Qiang Yang,Harbin Institute of Technology,993,55417,16,h_index,1033,1024,364,55417,46977,35460,107,107,77
2131293038,Andrew McCallum,University of Massachusetts Amherst,336,66112,17,h_index,391,390,203,66112,66110,52964,96,96,76
617670330,Zoubin Ghahramani,University of Cambridge,406,54200,18,h_index,462,460,254,54200,53911,35645,101,101,74
2012736320,Klaus-Robert Müller,Technical University of Berlin,799,70129,19,h_index,829,821,263,70129,68325,33672,112,110,74
2198983026,Christos Faloutsos,Carnegie Mellon University,742,83506,20,h_index,775,768,235,83506,82163,24154,128,127,72
2053214915,Yann LeCun,New York University,301,135616,21,h_index,356,355,167,135616,134879,65660,107,107,71
2058584252,Jason Weston,Facebook,175,62747,22,h_index,210,210,123,62747,62747,42857,87,87,70
2149153931,Christopher D. Manning,Stanford University,387,113692,23,h_index,432,432,161,113692,113692,49831,114,114,70
231105818,Ronald R. Yager,Iona College,890,70852,24,h_index,901,898,326,70852,70518,16611,120,119,69
2102678951,David E. Goldberg,University of Illinois at Urbana–Champaign,503,162517,25,h_index,527,523,222,162517,159180,126208,115,113,69
2031945151,Ruslan Salakhutdinov,Carnegie Mellon University,227,71097,26,h_index,301,300,209,71097,71096,54898,77,77,68
2107070739,Xuelong Li,Northwestern Polytechnical University,822,34452,27,h_index,841,826,307,34452,32096,14003,97,96,68
2116333191,Jürgen Schmidhuber,Dalle Molle Institute for Artificial Intelligence Research,365,73840,28,h_index,409,408,226,73840,73833,40005,84,84,68
2300659125,Didier Dubois,University of Toulouse,814,70240,29,h_index,858,850,264,70240,69762,15619,124,123,67
2155014515,Shyi-Ming Chen,National Taiwan University of Science and Technology,402,24057,30,h_index,403,403,245,24057,24057,15519,92,92,66
243981275,Pieter Abbeel,"University of California, Berkeley",370,32629,31,h_index,476,474,212,32629,31974,19523,92,91,65
2082615088,Henri Prade,Paul Sabatier University,783,66765,32,h_index,836,825,315,66765,66284,16968,116,115,65
351197510,Eric P. Xing,Carnegie Mellon University,529,26925,33,h_index,618,616,359,26925,26897,18383,78,78,64
2122391114,Huan Liu,Arizona State University,601,51612,34,h_index,628,616,244,51612,50624,29619,100,98,64
2167433806,Raymond J. Mooney,University of Texas at Austin,266,31235,35,h_index,291,290,154,31235,31124,20076,83,82,64
2170070822,Eamonn Keogh,"University of California, Riverside",274,39766,36,h_index,288,284,145,39766,36640,24614,85,82,63
1970391018,Eric Horvitz,Microsoft,867,72007,37,h_index,926,912,204,72007,71579,16971,147,146,62
2075956027,Sebastian Thrun,Stanford University,418,102112,38,h_index,440,426,99,102112,95844,29690,146,142,62
2142724104,Rong Jin,Alibaba Group,348,17707,39,h_index,386,386,201,17707,17707,12150,74,74,62
2169012919,Pedro Domingos,University of Washington,195,41822,40,h_index,219,216,142,41822,41787,32414,80,80,62
2122007671,Dan Roth,University of Pennsylvania,435,22508,41,h_index,494,489,240,22508,22363,13277,75,75,61
2147180669,Peter Stone,University of Texas at Austin,574,24018,42,h_index,626,608,232,24018,21026,12973,76,74,61
2149631809,Thomas S. Huang,University of Illinois at Urbana–Champaign,1303,108564,43,h_index,1367,1355,238,108564,103697,15393,148,145,61
2150011549,Kalyanmoy Deb,Michigan State University,639,158200,44,h_index,660,657,212,158200,158121,73997,113,113,61
2163830057,David Zhang,The Chinese University of Hong Kong,1081,60200,45,h_index,1108,1098,203,60200,58377,12898,117,115,61
2311050954,Ponnuthurai Nagaratnam Suganthan,Nanyang Technological University,410,39744,46,h_index,413,401,180,39744,33208,16699,86,82,61
1620943014,Bernt Schiele,Max Planck Society,456,47066,47,h_index,534,533,174,47066,46242,17215,110,109,60
1984838606,Li Fei-Fei,Stanford University,290,82530,48,h_index,357,357,145,82530,82530,43329,95,95,60
2144833106,Shuicheng Yan,National University of Singapore,690,50699,49,h_index,757,754,257,50699,50304,15122,105,105,60
2162010601,Anil K. Jain,Michigan State University,882,215190,50,h_index,940,932,131,215190,194716,38949,186,184,60
2245267964,Feiping Nie,Northwestern Polytechnical University,421,15608,51,h_index,440,438,232,15608,15600,11316,68,68,60
2289542319,David M. Blei,Columbia University,269,82058,52,h_index,345,343,180,82058,81870,60948,81,80,60
2016539005,Samy Bengio,Google,279,29048,53,h_index,315,315,149,29048,29048,21799,77,77,59
2021640924,David Heckerman,Microsoft,426,67363,54,h_index,488,484,169,67363,67276,36217,116,116,59
2115970221,Guang-Bin Huang,Nanyang Technological University,205,40213,55,h_index,206,200,141,40213,38340,36930,65,64,59
2176619569,Oscar Castillo,AmeriCorps VISTA,896,16233,56,h_index,904,903,362,16233,16141,10528,73,72,59
2328522601,Aaron Courville,Université de Montréal,171,75069,57,h_index,227,227,156,75069,75069,46006,69,69,59
2345075623,Ajith Abraham,Technical University of Ostrava,1053,30267,58,h_index,1078,1072,395,30267,30143,14439,85,85,59
2430169722,Yi Yang,"University of Technology, Sydney",406,22569,59,h_index,457,454,203,22569,22289,12207,83,82,59
1075592465,Michael L. Littman,Brown University,281,36689,60,h_index,309,302,166,36689,29297,28653,74,74,58
1111049960,Koray Kavukcuoglu,Google,83,51423,61,h_index,111,111,80,51423,51423,29837,69,69,58
1878631932,Jure Leskovec,Stanford University,275,57360,62,h_index,359,359,158,57360,57360,26800,101,101,58
2096170287,Jerry M. Mendel,University of Southern California,438,48511,63,h_index,454,435,148,48511,44922,29168,93,89,58
160031478,Thomas G. Dietterich,Oregon State University,251,36911,64,h_index,273,265,173,36911,34777,30364,69,68,57
1822555116,Ian Goodfellow,Google,95,71210,65,h_index,128,128,97,71210,71210,43965,61,61,57
2033403132,Inderjit S. Dhillon,University of Texas at Austin,260,33131,66,h_index,293,293,144,33131,33131,19496,85,85,57
2045864003,Karl J. Friston,University College London,1285,234057,67,h_index,1314,1313,131,234054,234025,14745,233,233,57
2166284823,Xiaoou Tang,The Chinese University of Hong Kong,478,72214,68,h_index,537,536,126,72214,72147,22714,118,118,57
2280789105,Yaochu Jin,University of Surrey,437,18687,69,h_index,440,420,212,18687,14896,11853,71,67,57
676270904,Hisao Ishibuchi,Southern University and A&M College,634,25252,70,h_index,645,620,360,25252,25249,16789,73,73,56
2140030024,Sergey Levine,"University of California, Berkeley",240,19921,71,h_index,312,312,195,19921,19921,13265,73,73,56
2170452912,Patricia Melin,Autonomous University of Baja California,741,13617,72,h_index,751,750,358,13617,13525,9952,66,66,56
2469405535,Andrew Zisserman,University of Oxford,648,193637,73,h_index,741,740,130,193637,193280,61504,161,160,56
2014508897,Max Welling,University of Amsterdam,259,27147,74,h_index,336,336,164,27147,27147,16797,65,65,55
2065104188,Alan L. Yuille,Johns Hopkins University,550,51524,75,h_index,679,679,224,51524,51524,13065,103,103,55
2117954069,Honglak Lee,Google,149,25624,76,h_index,212,212,144,25624,25624,23518,62,62,55
2121310506,Francis Bach,École Normale Supérieure,310,38653,77,h_index,419,417,136,38653,38610,21170,87,87,55
2151014374,Tom M. Mitchell,Carnegie Mellon University,278,43861,78,h_index,301,290,133,43861,43616,27308,75,74,55
278177626,Robert E. Schapire,Microsoft,194,100515,79,h_index,239,239,124,100515,100515,68426,79,79,54
1988556028,Carlos Guestrin,University of Washington,182,32340,80,h_index,207,206,113,32340,32339,24114,74,74,54
2115385359,William W. Cohen,Carnegie Mellon University,299,30660,81,h_index,322,321,172,30660,30649,17447,74,74,54
2131502281,Alex A. Freitas,University of Kent,343,14302,82,h_index,352,345,212,14302,11964,11719,60,58,54
2634174050,Oriol Vinyals,Google,128,33221,83,h_index,163,163,100,33221,33221,27711,67,67,54
2149762431,Zeshui Xu,Sichuan University,517,41797,84,h_index,519,514,165,41797,41253,10895,108,107,53
2167731548,Kevin Murphy,Google,164,41696,85,h_index,207,207,107,41696,41696,26291,75,75,53
2227253382,Xiaogang Wang,The Chinese University of Hong Kong,272,39567,86,h_index,324,321,125,39567,39370,18527,98,98,53
2244698799,Bing Liu,University of Illinois at Chicago,381,53578,87,h_index,413,407,130,53578,52282,20712,88,86,53
236175242,James C. Bezdek,University of Melbourne,354,64144,88,h_index,358,352,144,64144,64113,17867,86,86,52
560881892,Daniel S. Weld,University of Washington,271,32186,89,h_index,284,272,117,32186,30650,11335,86,85,52
2003907699,Kilian Q. Weinberger,Cornell University,149,29446,90,h_index,177,175,112,29446,29421,20333,58,58,52
2120464764,Richard S. Sutton,University of Alberta,200,69086,91,h_index,213,211,133,69086,68644,55072,65,64,52
2161448407,Shaogang Gong,Queen Mary University of London,357,24878,92,h_index,399,398,172,24878,24852,9749,83,83,52
720605457,Nikola Kasabov,Auckland University of Technology,575,14246,93,h_index,588,586,296,14246,14117,11581,61,61,51
2048719660,Fabio Roli,University of Cagliari,342,14943,94,h_index,367,363,167,14943,14763,9441,66,65,51
2103920730,Luc Van Gool,ETH Zurich,1013,89259,95,h_index,1159,1156,195,89259,88845,19452,110,109,51
2215287472,John Shawe-Taylor,University College London,504,59843,96,h_index,540,538,220,59843,59827,33867,70,70,51
2060802895,Craig Boutilier,Google,237,19314,97,h_index,274,272,153,19314,19260,14265,65,65,50
2079978182,Nir Friedman,Hebrew University of Jerusalem,225,66316,98,h_index,269,269,99,66316,66316,31349,92,92,50
2566401185,Sankar K. Pal,Indian Statistical Institute,474,30312,99,h_index,479,477,183,30312,29448,15254,77,77,50
2006188770,Tao Xiang,Queen Mary University of London,212,14594,100,h_index,249,248,151,14594,14568,9059,68,68,49
